K14018	409219
K25532	411495
K10479	411991
K14009	413613
K14005	409968
K11155	552377
K14004	410030
K14016	412868
K14015	409841
K19970	410539
K24841	725963
K13356	100578329
K13356	100578814
K02090	408325
K13356	552110
K11433	102653839
K00804	727189
K07192	726243
K15033	410376
K12670	552051
K10146	409222
K05648	414029
K22738	412439
K04547	725453
K19283	412301
K13517	552342
K08267	413223
K09560	411171
K06058	724935
K19601	726433
K18078	102655054
K17619	102653960
K08596	725270
K18669	411871
K05736	726405
K04428	409125
K04730	551608
K07359	413153
K07209	726760
K17541	413759
K05125	408922
K05125	725150
K05128	408278
K07189	100578066
K17570	100578512
K17606	102656107
K01283	726599
K17732	100579052
K01273	409231
K01273	412926
K01273	552636
K08654	408618
K09648	102654681
K13051	100578894
K03120	410753
K14650	727574
K03130	725044
K03127	102653702
K09031	724169
K09048	100576912
K14780	725837
K15464	409667
K11600	412345
K12504	412735
K12505	551463
K00816	724811
K01047	406141
K14621	725668
K01883	725909
K01873	727495
K01875	102655284
K11140	551224
K10273	726706
K11844	725435
K26076	409350
K11262	552286
K15290	408613
K15323	100576272
K15322	100576366
K01027	409157
K15294	552844
K15296	552830
K15306	412315
K15305	413494
K01476	552556
K14008	411006
K10744	412488
K11653	412046
K11668	725795
K11669	409994
K11672	551521
K05955	551732
K10350	409106
K14010	410172
K14011	409584
K08492	551467
K15791	412569
K19948	412959
K01587	551966
K09396	725966
K01374	551290
K06114	551291
K01441	551419
K02513	551445
K04506	410808
K04510	551508
K03362	551517
K00507	551527
K09556	551546
K06229	410354
K11488	725717
K10373	408583
K02649	408577
K10428	408585
K03109	725743
K09057	408449
K06027	725680
K10443	410191
K10417	726015
K02266	726042
K12319	408880
K09533	411060
K01931	724242
K12185	724720
K12172	726272
K12236	412455
K12272	410469
K12303	412620
K12349	409628
K12351	412170
K12353	551484
K08056	409911
K04430	410575
K04657	410035
K06234	410157
K09488	550968
K02830	551008
K08272	409886
K04370	725855
K01540	725991
K05725	724973
K02296	725614
K11314	408384
K05727	725928
K08819	409965
K01373	408851
K06129	552091
K11143	412174
K01446	412484
K01201	409708
K01201	409709
K01205	551437
K01137	550869
K10269	724642
K11651	412077
K11501	725879
K01136	724550
K01158	413489
K04496	409158
K11414	551260
K09561	551229
K01285	551273
K01784	409499
K08049	552535
K10362	726044
K11494	552695
K11494	408321
K11540	410408
K10627	725208
K10632	409251
K10524	100187709
K01187	411257
K09186	408716
K10571	551371
K11803	412932
K11996	724496
K09884	410915
K04453	551131
K00502	411200
K12318	408879
K08066	408615
K00522	408663
K09448	408616
K11804	408820
K11790	412472
K09288	551682
K01077	551687
K11789	412676
K09667	551425
K09378	410304
K06051	410351
K06052	411086
K02326	726923
K11671	726946
K04447	726002
K12323	724571
K24200	551871
K05702	410161
K04508	410184
K05128	410190
K09552	410289
K01104	725118
K09086	726594
K12667	412045
K01431	409250
K01897	409515
K03954	413340
K06272	413354
K11852	413357
K10317	413363
K04677	413371
K11420	413388
K04431	413389
K09562	409521
K07830	409529
K11412	409532
K01092	409693
K08496	412913
K05126	412667
K01079	412674
K10844	412700
K04507	412708
K03354	412712
K01410	412784
K05605	412796
K11140	412808
K11416	412846
K11447	412863
K01192	409334
K10590	409382
K11415	552701
K11417	413728
K06685	409540
K10878	726963
K00106	724718
K16330	412233
K05313	412949
K10588	408749
K11824	411147
K00106	724933
K00507	107965749
K00799	725942
K10410	551085
K00006	726445
K02272	726297
K10409	552070
K07963	409166
K11463	409170
K12741	552027
K02449	409462
K01950	409487
K07766	409489
K00264	413372
K01049	406104
K00140	409736
K02936	409528
K08827	725406
K05956	726822
K03237	726500
K11592	552127
K11584	551258
K02947	409552
K03676	727309
K01512	724904
K02180	410050
K11252	724633
K01057	551785
K04802	727275
K03033	551550
K11086	409356
K00565	412277
K02128	409148
K00901	551069
K01641	413763
K03671	409451
K04565	409398
K10885	552750
K11436	412580
K08856	412070
K01869	412282
K04799	412308
K01870	726483
K01251	551762
K03250	551242
K01754	552523
K09313	551460
K09481	724188
K00784	726874
K04703	412008
K03036	408397
K03039	409168
K05765	725718
K01952	552657
K09578	551817
K07943	411085
K08334	408834
K07374	550827
K03671	410120
K11251	724678
K09650	412194
K03017	412547
K11267	551462
K06965	551216
K00901	408809
K01895	409624
K03035	409880
K03144	412010
K00012	413356
K03124	411965
K10881	552741
K01409	413534
K08824	413286
K03259	551901
K03650	725337
K00963	412069
K01578	552823
K06699	725550
K00587	726380
K02134	552682
K00604	726626
K09580	551435
K00453	410828
K03165	552787
K10877	552169
K11251	551779
K00798	552180
K06201	725954
K01527	726620
K09114	724047
K01858	551143
K00940	409861
K00981	551231
K04676	409301
K03948	552809
K08516	552555
K02145	551093
K10843	551734
K09215	410399
K06698	410403
K02207	410838
K00876	410076
K01883	411167
K11088	724533
K02976	726789
K04649	726145
K02957	551125
K05931	411458
K01489	727234
K00621	411757
K04393	411134
K10389	411508
K04798	552807
K02564	409520
K00417	551757
K02997	409202
K00671	552485
K04515	551691
K03522	551710
K00161	551103
K03120	550692
K02599	413289
K01889	413139
K07023	552514
K08875	551424
K01756	410482
K07203	409393
K01265	551771
K02325	724891
K03038	408413
K03246	409258
K04079	411700
K11585	410395
K02915	727128
K00029	409682
K02979	724531
K07375	410996
K06063	551225
K02726	409802
K10875	409447
K00602	412467
K00128	550687
K09880	411809
K03940	408909
K00237	725566
K02150	552720
K01443	551952
K08824	411507
K00486	551858
K02922	552494
K03015	552599
K00948	551448
K00457	725400
K00685	412018
K02941	550711
K10849	551316
K06671	727407
K00967	551931
K03264	408573
K08339	551057
K00901	413071
K02943	725884
K02152	551961
K04564	410082
K03538	727419
K03241	411974
K06704	409611
K05758	551784
K10752	552200
K07942	724676
K09250	725076
K08193	550691
K09613	551410
K10580	409386
K11374	412937
K02870	550715
K08054	552528
K03678	551855
K04456	413430
K02209	551903
K10599	408750
K10141	411048
K04354	410604
K09272	726058
K01613	727050
K02985	551330
K10841	724695
K01265	724879
K00033	552712
K06070	412608
K03065	409198
K03252	551184
K11130	724638
K03521	410308
K01634	551593
K10416	411816
K02962	724233
K06820	410785
K06662	724559
K06678	413691
K07179	550969
K01724	411607
K00940	412782
K03349	411942
K02729	551956
K00868	552663
K02320	725611
K00858	408470
K09355	408763
K02731	410095
K11269	726742
K00234	550667
K02540	411640
K07375	410994
K06125	724350
K02147	551721
K09498	551295
K03687	551769
K02136	552699
K01194	410795
K03141	550895
K08341	725184
K02900	552318
K00831	412670
K08337	726637
K02885	724186
K08490	552117
K03137	724355
K08991	725951
K08734	724296
K03593	551442
K01262	409172
K11251	552322
K02857	412319
K11275	725238
K03178	410958
K09493	409134
K02133	551766
K00286	412234
K10751	551918
K01940	412923
K00665	411959
K08826	408664
K03128	409906
K01870	551629
K02989	409728
K06185	413252
K02263	412396
K04392	551554
K11324	408575
K00275	409066
K01939	409299
K00856	408441
K02151	552476
K11253	725272
K08851	409272
K03126	410305
K01074	408426
K10435	411870
K08193	552293
K08816	551773
K06677	412035
K10908	725579
K03234	409167
K07964	725623
K10391	411226
K04412	410208
K04352	410811
K03022	411191
K00966	409329
K13347	551171
K13348	727505
K14964	413573
K13102	411491
K05677	552495
K09067	724458
K13143	411711
K13355	413491
K13105	725042
K10405	726506
K01719	408847
K01881	726436
K09527	410037
K03357	413293
K04567	551538
K00720	411552
K00864	409199
K06630	408951
K01255	410627
K09494	409809
K03509	726583
K01277	412232
K00026	408950
K02910	413875
K01372	724901
K07936	410280
K00558	726540
K13356	551233
K11187	552429
K13096	409536
K13098	552303
K13091	552289
K13106	408712
K13238	552000
K12897	725195
K12795	551201
K12896	727087
K12891	409862
K01598	412189
K13092	409497
K13108	410672
K13110	412412
K13089	552452
K02087	409590
K13099	551827
K13115	551191
K13138	411469
K13142	413625
K11519	727262
K07904	551603
K05096	413303
K04671	413895
K12581	551045
K12494	411463
K11248	551100
K00910	413197
K12486	550748
K12495	413410
K04405	726612
K10887	726638
K12488	413683
K12890	410040
K25471	410601
K13342	413880
K13343	552256
K13288	725736
K13250	551559
K13093	408387
K13344	727257
K13345	552596
K13094	410688
K13095	411122
K13154	552308
K13338	413666
K13191	409283
K13196	411629
K12169	410136
K12174	411718
K12181	408424
K04681	411627
K01784	411633
K10770	411649
K11315	411658
K08791	411678
K10456	411679
K12191	552786
K12182	410510
K12196	409756
K03440	100577346
K03440	724767
K10645	550708
K07827	410812
K12200	412662
K12231	726254
K03964	551660
K12194	411857
K01099	412731
K12190	412076
K05127	410685
K04511	410724
K06276	410732
K08776	410769
K12161	551580
K12189	412381
K12186	551408
K12173	412589
K08770	412353
K05613	406113
K00501	408930
K00623	408934
K00693	552328
K10582	412360
K01519	726205
K12198	408939
K11662	409765
K11862	413699
K11864	552601
K11438	408925
K04079	408928
K13100	724331
K13103	408611
K11858	409985
K11860	408678
K11866	724789
K10593	409099
K11885	552049
K12183	409438
K07192	551337
K01697	551341
K04280	551388
K10350	725599
K11863	410162
K04512	409001
K12195	410883
K11147	412304
K10442	551868
K03122	412268
K06279	412172
K08703	408855
K00472	408862
K09100	410669
K11493	410681
K04445	411630
K10719	406152
K03506	725835
K05658	551167
K11268	552245
K03515	726862
K06704	410609
K08735	725348
K02156	412427
K11293	727229
K03950	551042
K10842	412613
K08811	411093
K00710	410470
K03942	408367
K00232	412020
K01639	725646
K03868	408691
K08765	550695
K03231	544670
K11251	725450
K09540	412505
K01892	410806
K11341	412705
K03131	409735
K02975	724369
K03136	411786
K06641	551949
K00016	411188
K01001	552327
K00626	726218
K10755	551540
K02146	409946
K03011	552458
K00940	724131
K01951	409846
K03108	726435
K02905	724631
K01886	413718
K00413	413605
K01619	551986
K11338	726816
K02987	550651
K09567	726409
K02357	408352
K03849	551841
K02927	725943
K03063	410026
K03014	410494
K03626	551157
K11128	413686
K03107	552776
K02903	552774
K02984	413296
K04555	552779
K06626	411327
K10704	409920
K02980	725147
K04739	412714
K03217	408349
K02324	409673
K03952	409473
K08342	552197
K05863	406075
K10684	410872
K10807	725673
K05757	408901
K09595	409870
K08343	552315
K00710	411799
K00286	408859
K10754	413807
K00759	413601
K07562	552010
K06093	724977
K03341	552745
K00726	410105
K08193	412220
K08874	410502
K09680	726156
K11126	692346
K01597	725817
K03164	724215
K03846	413917
K02974	408799
K03424	412378
K01681	409485
K02932	552241
K01889	552768
K04078	552531
K00311	552343
K04077	409384
K10418	725312
K06636	411589
K02736	411520
K03953	551866
K04441	411915
K02896	724142
K04688	552549
K03026	552353
K02725	552654
K10688	409100
K09528	410294
K06316	412489
K00901	412355
K02137	409236
K10739	725418
K03257	411989
K00962	413542
K00968	412303
K00757	411599
K05759	406154
K11842	552660
K09502	724368
K08635	408973
K09512	408966
K00547	725816
K08960	412108
K09487	412150
K10263	412155
K05749	412169
K10412	724529
K06130	409201
K09659	727186
K03872	409140
K12199	727354
K12179	410195
K12175	409357
K12193	410607
K12176	409062
K01176	406114
K25004	100578936
K06101	727238
K12168	409385
K12164	409766
K12180	411843
K12178	551284
K12177	552384
K12185	726422
K04348	411046
K01077	410530
K10631	410541
K04439	409006
K12046	411184
K04728	725613
K11718	412198
K11851	409403
K12275	410916
K15336	410512
K00207	410207
K06564	551012
K17499	552412
K01469	725665
K08957	410129
K11971	552305
K11980	408648
K11981	411585
K01969	410554
K07375	410559
K11304	413101
K11254	406132
K11254	725230
K11279	550824
K12382	408808
K12484	413208
K11793	411797
K07511	409150
K08731	409405
K12485	409274
K02367	726216
K02140	726222
K00164	408286
K09275	725290
K03263	552572
K00364	552316
K02355	411351
K05755	726301
K02685	551739
K11253	552116
K00643	413228
K02934	409479
K06688	410992
K11251	725308
K01893	551088
K01512	552639
K11252	725344
K03783	408299
K01836	725539
K03031	552838
K03013	413110
K02940	551107
K11252	726447
K08193	410920
K02880	413470
K08870	410169
K02603	408512
K02929	411515
K10393	409727
K04797	411936
K01425	408991
K02882	409832
K11367	724599
K07375	408782
K10364	552486
K03262	408979
K02891	552632
K03231	408385
K01887	552307
K00235	551169
K10420	551652
K11247	408623
K00826	412889
K06874	411230
K11517	552771
K10597	412219
K11594	408276
K01681	408446
K00605	410550
K06997	551119
K09275	411079
K03685	410968
K02901	412266
K10732	412072
K09397	724315
K00134	410122
K08155	408517
K02516	410664
K08798	410717
K02872	551418
K00162	412522
K08193	410566
K03006	550829
K03544	411141
K02541	552642
K01283	408536
K03061	551343
K02981	409326
K02216	413964
K02993	552564
K00507	412166
K06072	410763
K03936	411411
K00665	412815
K02265	552610
K03232	552649
K00507	727166
K02155	406076
K06067	411503
K06628	410073
K11578	725793
K00645	412286
K00411	411183
K02923	725383
K02321	724926
K08803	411980
K03143	411231
K08518	408267
K03251	409550
K01866	552025
K01596	412843
K02148	411892
K09495	409296
K10411	725762
K02331	725618
K02732	411695
K02917	409599
K03233	551211
K00029	411813
K03020	725633
K02183	551859
K03023	411164
K03260	411154
K02149	411295
K02358	408328
K00232	552757
K10365	409581
K04043	408605
K03844	552533
K01456	409032
K05236	550806
K00852	551282
K02353	409050
K02912	406099
K01937	551835
K11087	552559
K02734	409978
K01873	411734
K03133	727023
K05546	551205
K10777	726551
K00600	411796
K08291	410632
K08495	413915
K08288	552747
K01493	408883
K02866	409589
K01867	727582
K09571	412287
K10848	725405
K07442	411509
K09497	409825
K08956	552166
K09458	413655
K01082	411106
K00456	726371
K02964	552726
K10579	409225
K01755	551670
K11131	413805
K11090	411833
K00815	725204
K10685	409191
K02983	552106
K03030	410072
K01875	724712
K11584	408949
K01711	411696
K07390	552835
K00036	725325
K00573	408785
K02327	551398
K00764	412619
K01611	551724
K03843	551972
K11098	725880
K02938	410188
K06875	551586
K04554	413253
K11518	408284
K00088	550673
K01908	413942
K00294	551113
K03106	552114
K02995	406126
K00418	726747
K04739	409390
K09407	552820
K03165	410571
K03008	551607
K02355	408831
K03037	552319
K10686	409394
K11303	552748
K01874	413796
K03627	550875
K07897	724873
K02924	724966
K00500	408622
K06174	551235
K01868	412200
K02998	410486
K11290	724665
K00615	550804
K03754	410355
K06634	410459
K01890	551101
K09522	413209
K08737	408815
K02960	726439
K00627	551631
K07208	409036
K06269	409804
K06971	413051
K09525	724965
K10394	412711
K11421	409098
K02925	552445
K03258	409560
K12600	412454
K01672	726898
K08043	408363
K07189	724295
K12587	551097
K12734	551723
K01110	411859
K00228	552084
K12399	413881
K05657	552744
K00288	550749
K04458	552694
K13511	550948
K07304	409097
K01115	725119
K04513	409910
K04368	409925
K02206	409959
K12309	725756
K10749	410093
K01793	410118
K08029	725671
K11986	408619
K10645	409303
K01855	410475
K10637	412897
K10641	412236
K11984	409347
K11985	726290
K06841	410589
K10694	552614
K00799	410837
K10532	413119
K12304	550987
K12307	552144
K01785	726225
K12493	409617
K00907	413190
K12393	408391
K12397	552064
K12398	552520
K12385	552375
K14012	409547
K13619	724115
K14000	409414
K02131	726120
K00966	413435
K04699	413772
K03102	408936
K03102	725626
K13139	551355
K13346	724262
K07206	724223
K13141	551396
K13147	551745
K13273	725018
K12812	552515
K13046	410386
K04008	408547
K06237	408552
K00128	408559
K04623	726228
K12366	412456
K01758	412460
K06226	411904
K02602	411907
K11411	411917
K00572	411919
K11366	411920
K00683	411943
K10696	552647
K03064	551386
K10736	725632
K08793	413577
K09490	409587
K09428	408758
K03355	413499
K01899	551403
K02737	411206
K03845	724399
K09142	551815
K03941	551078
K07204	551668
K02973	552272
K06013	551466
K10411	411197
K01872	411923
K02735	552579
K01874	724733
K11498	725469
K01810	551154
K00252	410254
K06069	413834
K02212	552291
K02738	409831
K08811	411779
K02868	726171
K00873	552007
K05543	410264
K00658	409155
K08057	409165
K03062	551128
K05858	408996
K02264	408837
K02918	724191
K02377	552755
K03123	550665
K01530	409192
K00942	552023
K05544	409969
K02427	412247
K00031	551276
K03661	409074
K01772	409922
K00922	551500
K00287	410422
K10808	414008
K00820	406107
K10756	410266
K00637	552313
K01764	408968
K11064	412205
K06134	409224
K00166	412548
K11093	551391
K02921	725432
K04373	411481
K04460	551854
K10419	726176
K09579	724669
K00869	552163
K04382	550710
K00864	551041
K10610	412593
K02154	412810
K10370	409024
K01809	551447
K02991	725647
K00710	413987
K09364	727092
K02727	408986
K00710	411054
K01968	413233
K05754	724128
K06672	724978
K00415	552671
K02865	413868
K07432	726253
K01900	551958
K03939	412328
K09301	724422
K02875	409290
K01698	413708
K08266	409725
K03028	409475
K00819	410582
K02949	724868
K01823	725363
K03134	410004
K03130	724502
K02898	408515
K03869	552700
K02877	413137
K03254	414004
K03847	724431
K03652	724157
K00819	410583
K04662	727101
K03259	551173
K04499	409544
K07152	726314
K00791	724336
K05948	551501
K09499	550694
K10733	408755
K05756	725678
K01640	726494
K03094	409234
K10598	550966
K02138	410557
K03363	552186
K01737	412015
K01749	551872
K06115	413332
K06115	411744
K01074	551664
K01785	552086
K10753	552440
K03265	725555
K08738	408270
K11089	724212
K00856	551856
K12471	413680
K11843	411572
K11848	726482
K10756	551990
K03139	551470
K02953	551867
K09549	726085
K11092	412064
K07071	412276
K06158	413652
K11375	411156
K11254	724757
K01953	724480
K02519	406098
K04707	411982
K10415	413409
K00710	552496
K03469	412100
K03348	726728
K11274	409871
K00573	409488
K03248	408386
K01304	726220
K01679	724321
K10865	413400
K01807	550767
K03105	727473
K04718	411349
K10862	408668
K00167	409306
K03025	552607
K03027	411510
K01206	412394
K03456	726088
K06842	410686
K00943	552148
K01875	413011
K01867	411305
K02920	551870
K11373	551809
K04440	409286
K11129	552781
K06268	551313
K00864	409261
K00616	413867
K03943	409793
K08876	411758
K01482	552121
K00797	725099
K02889	726056
K04345	409791
K09496	551275
K00789	551102
K02930	408526
K02894	409294
K00901	551722
K03104	552323
K02873	552517
K01540	408722
K00939	551523
K03842	551379
K06173	551700
K02259	410617
K09500	551436
K01278	410337
K01623	550785
K09131	408713
K01893	551476
K03236	724532
K02739	408353
K02156	725111
K02893	409637
K02213	552763
K02295	410197
K02257	409103
K00844	551005
K11713	412933
K11647	551881
K11648	409566
K11655	411756
K11673	411279
K11674	552310
K10649	410998
K11427	411070
K10695	410505
K11125	727497
K11649	409501
K11757	552677
K10144	408590
K00382	551039
K07374	408388
K09518	413120
K04794	412127
K02951	552266
K02958	551644
K03066	550794
K06693	410128
K09584	412526
K09699	552557
K03007	724625
K08811	412041
K08342	410257
K01866	413909
K09548	726689
K01803	726117
K10773	551204
K04630	411704
K10576	412330
K08489	725897
K01490	409444
K01880	408392
K02260	727026
K03029	409609
K11854	412114
K08825	409111
K06127	413255
K10743	412837
K01251	408368
K05699	725782
K01876	725136
K01647	410059
K06269	409430
K01530	413138
K08816	552691
K00939	412632
K10573	551852
K01414	412154
K01869	552532
K03937	727599
K10746	550962
K03935	413891
K01648	550686
K02908	411380
K03424	411837
K08493	551363
K10742	725518
K01581	410043
K13025	409866
K03132	552563
K02835	724133
K00586	412557
K03353	550920
K04705	551140
K00111	551904
K03857	413643
K02542	413064
K02258	409420
K08333	726562
K11462	551412
K03115	551655
K02942	406120
K01265	410385
K03644	552644
K11096	414039
K10577	551283
K03495	410941
K02202	412339
K01262	410616
K11593	552062
K08814	409288
K01530	413328
K01834	552736
K03142	411526
K02969	726013
K00927	411576
K10884	552680
K00688	409267
K01887	550903
K01540	410905
K03163	412750
K02210	409979
K03097	409767
K02328	727251
K01942	411759
K06258	412941
K11252	724869
K11252	726487
K10750	411150
K06265	408826
K03009	727025
K09523	413441
K09537	552846
K05609	409387
K01379	409341
K11291	408464
K01047	409614
K06700	409668
K08770	409675
K10319	413637
K06972	413657
K11485	413288
K01593	410638
K03283	410620
K11857	408911
K11855	724537
K09602	725744
K00717	552522
K07952	409342
K06094	409348
K10608	413376
K08501	552098
K02132	409114
K07508	408291
K05129	408312
K00721	409115
K03239	409118
K06619	409127
K10839	409340
K11298	409240
K11883	727288
K03283	409418
K00248	411697
K00134	413924
K06170	551695
K06171	552178
K06172	408814
K09598	409691
K09478	409712
K06059	551599
K04520	551733
K00445	413501
K05730	413488
K01357	413500
K03209	413502
K08802	413510
K07198	409577
K04438	409578
K04556	412975
K10172	412976
K10799	413032
K09442	413060
K08701	413076
K10260	413081
K10776	413086
K05743	413152
K04729	413194
K04575	413195
K09069	413254
K07297	550659
K01183	413705
K07556	413714
K11205	413735
K06275	409755
K02211	412560
K05122	413616
K08491	410719
K10596	409564
K06631	413261
K11716	411494
K04487	410039
K00249	408567
K03249	413145
K03949	413014
K04634	550818
K11406	408331
K11307	408793
K08675	409459
K08131	409448
K02366	408293
K00253	408288
K06497	552721
K04560	410279
K11124	409795
K03253	410100
K03255	552519
K03245	409796
K10609	409279
K03870	725467
K10612	551563
K10358	409285
K10356	409530
K10356	410960
K10356	552299
K08834	409937
K08834	410489
K10357	726456
K04648	413931
K09531	409991
K05208	406079
K09577	413785
K11322	413793
K00030	409292
K08658	409333
K00444	414037
K10728	410940
K04468	410956
K00109	410999
K04632	411011
K08823	411812
K09213	410209
K11270	726016
K11255	410637
K11308	552696
K02223	410757
K11253	725414
K11253	726692
K11253	726542
K11266	411194
K10359	726683
K10361	408444
K11805	411901
K11428	412027
K10956	725571
K10626	410886
K08283	409312
K04501	409321
K08202	412399
K11884	725734
K11728	412256
K08863	550739
K10080	550798
K00854	409884
K01580	408432
K09328	408443
K11765	724311
K11778	551358
K11807	413547
K08864	551673
K09215	725053
K05691	552850
K03681	413313
K03961	408477
K03958	726146
K03963	724827
K11188	411852
K03965	409586
K11806	411024
K11136	412546
K00911	409943
K04527	411297
K10397	411316
K06103	411347
K09504	411359
K01835	411897
K10408	412775
K07512	411662
K09173	411674
K02332	411763
K08867	725503
K10730	410301
K03959	725797
K10722	411893
K07521	408264
K11135	408439
K10408	412230
K09366	410657
K11481	412271
K09381	411374
K00999	411408
K00654	411447
K10769	411448
K08766	411473
K02838	411482
K08799	411529
K10595	411536
K01408	413539
K10606	727490
K06632	551677
K05770	413997
K04427	413809
K04552	413822
K04578	413829
K06053	413870
K08187	413906
K07767	413966
K09574	550701
K06491	409849
K06277	409856
K00021	550724
K01148	408626
K00469	408650
K10583	408708
K05119	408718
K00058	725967
K00888	551182
K10297	412059
K10691	412281
K11979	410726
K10863	408601
K09090	409822
K09090	410468
K03175	551819
K06528	409495
K01565	550884
K02928	100191002
K01358	409011
K09404	551340
K11978	412002
K12162	726196
K12165	551106
K12188	410869
K07944	408522
K11827	725807
K11643	552031
K11652	552824
K11654	412742
K11664	724519
K11665	410352
K00889	724991
K11831	411828
K04533	726358
K00699	408788
K06826	408797
K10660	552063
K00030	410396
K09381	411373
K10436	411371
K07378	411321
K11826	408418
K11795	725546
K11792	409984
K05676	411685
K10249	411692
K00629	411724
K11321	411727
K10720	408398
K02105	408399
K09409	408423
K00914	725770
K03351	409810
K03352	410290
K10727	409859
K10052	411207
K10282	408902
K11969	552264
K09180	410893
K11841	726488
K04523	410054
K00357	409160
K11660	413318
K11141	412263
K10424	412267
K07207	412278
K08601	410344
K11599	551411
K09113	410953
K01092	726463
K09113	412452
K00911	413817
K05088	410671
K04559	410782
K03120	412919
K00728	551420
K00728	551578
K09532	408863
K08869	408866
K00008	408871
K04497	408894
K08588	725780
K10582	409607
K04638	552841
K08018	408810
K01796	412341
K11404	412350
K01672	408827
K04577	412591
K00738	412423
K09054	412432
K10265	408843
K11839	411362
K11840	411981
K11832	409389
K11836	552324
K04364	550857
K12184	408783
K10275	725886
K05610	413813
K09027	408853
K01360	408835
K08268	408852
K10426	725207
K12311	552249
K12316	409365
K08064	725757
K01691	552805
K10532	551314
K09660	410429
K03213	724997
K07342	726721
K04448	726289
K14006	408983
K14007	411410
K09382	726200
K06184	413390
K08517	413394
K00923	413425
K14026	409281
K11802	412997
K01322	411896
K08706	724640
K12492	411477
K02098	727246
K03125	412176
K11583	412914
K00181	726113
K13181	726537
K00733	551662
K13187	551446
K13199	409410
K12826	552334
K12828	551331
K13157	550858
K13207	410353
K13208	410689
K13210	552294
K12584	552284
K12585	413944
K12835	551822
K12836	413842
K12837	550656
K13168	725528
K13177	408794
K13173	408409
K12855	551493
K12856	551620
K13219	726178
K13220	726024
K13221	724567
K12617	411850
K24348	552336
K12857	552715
K12838	725115
K12841	410383
K13175	725830
K13169	410316
K13174	412584
K12860	552527
K12864	409671
K12878	409647
K12823	726768
K12816	413523
K13188	410591
K13178	412313
K13194	408529
K13184	413074
K13190	552467
K12619	408840
K02493	409833
K12620	552260
K12621	725142
K13755	724389
K07831	410415
K10262	726631
K13116	408524
K13117	413147
K13431	411542
K13130	551751
K12859	551974
K12873	727332
K12874	413548
K13280	409397
K12861	408527
K13118	412314
K13125	725565
K13126	412602
K13119	551692
K04611	406150
K13133	724288
K12880	413173
K13134	725227
K13135	726546
K12862	552198
K12863	408632
K12881	725396
K12883	413877
K12876	411778
K12865	552444
K13136	726086
K13137	413053
K12877	724628
K09324	726162
K12481	409059
K12866	411218
K12868	410547
K12869	551756
K12882	409476
K13144	413351
K13121	726509
K13122	552828
K13123	552172
K13124	551339
K07520	726349
K12394	724303
K02684	726227
K12867	412159
K12733	727378
K12871	551200
K12811	727008
K13278	551548
K12852	410414
K00799	409490
K07930	552196
K10581	724799
K05294	724361
K05291	413664
K03875	412031
K10158	413271
K10448	411968
K13943	410326
K09207	725885
K13676	552516
K13523	552566
K13509	552139
K02577	413242
K02318	552104
K00025	411014
K10740	726757
K08515	550961
K06254	408393
K00736	726476
K07915	724762
K08964	552014
K13352	410889
K13354	551241
K06258	413739
K13111	409955
K02678	412916
K11099	552827
K12604	412371
K18080	408803
K08764	408904
K12736	413544
K11703	413713
K12606	412388
K12598	551637
K12879	410099
K12893	408309
K13254	409576
K12625	725947
K12626	725352
K12627	552155
K08193	726578
K12605	552826
K12591	413532
K07526	552604
K08818	552759
K12622	725401
K12593	726279
K12586	551606
K12589	411836
K12613	412521
K12590	552103
K12602	551226
K13335	725764
K13336	552790
K12603	412552
K12623	552529
K12615	409092
K12624	725641
K04482	552450
K09411	726400
K09231	411166
K08035	411296
K13868	409932
K10687	411077
K13989	413976
K09534	409594
K10404	411018
K01228	411730
K01231	552382
K09848	408754
K00802	410080
K13984	408557
K04539	409113
K05766	724613
K09254	411712
K09454	412357
K09237	410918
K00787	551189
K00718	726095
K11095	725416
K08509	552038
K05310	725149
K12839	410027
K12840	409696
K09539	726653
K12825	409883
K12827	413963
K09312	726676
K12842	413578
K12947	410218
K12829	726336
K12813	726598
K12815	726778
K12948	727074
K12844	410907
K06100	552752
K12847	411030
K12817	725905
K12818	550940
K12819	551551
K12846	726720
K12830	550935
K12831	410434
K12824	409045
K12886	409007
K13871	409565
K08098	551642
K23028	100577587
K08104	412956
K07917	412030
K14007	409439
K00884	551847
K08585	411453
K08582	551614
K05210	412818
K09411	724979
K07515	410325
K10086	552435
K03968	725881
K09267	726150
K07928	413827
K07868	413034
K00670	552341
K02157	724501
K10630	410462
K03938	727061
K10895	726651
K13866	551796
K04571	552227
K11251	726468
K13179	413727
K13205	724692
K07151	409265
K13128	726870
K13203	552046
K09592	413929
K00972	551964
K00654	552392
K12377	411173
K12380	412003
K09172	410259
K12668	727568
K09565	409890
K10345	726828
K00026	726838
K08504	726840
K12737	725211
K06228	726525
K13152	408711
K13155	551177
K04403	411720
K04714	408766
K13113	724489
K07573	552072
K13443	551922
K13444	409298
K12854	551530
K13247	406119
K08073	552254
K13149	409806
K13151	551281
K13156	551392
K13163	409423
K13170	726190
K13192	409915
K04384	726375
K13206	724784
K13421	408461
K13217	408850
K13524	408955
K12571	724505
K12572	409718
K05750	551945
K07199	409662
K08967	551839
K12611	408416
K12614	552206
K12618	409993
K02219	726047
K06532	726582
K12662	409689
K10085	726952
K02219	552597
K01555	552210
K08869	726776
K04716	726784
K12373	726818
K12396	412097
K13988	727534
K12389	410860
K08683	725274
K08193	726560
K03434	724648
K12580	411794
K05728	409908
K06839	727408
K12657	412948
K01446	727472
K02135	727483
K01487	727293
K12655	724338
K12489	409230
K03946	727049
K08873	727185
K08376	726935
K10745	726711
K09651	726718
K01303	727648
K12404	409724
K09341	724412
K12385	408992
K00750	552421
K13499	413549
K04569	552629
K14020	552818
K09310	725058
K10305	552793
K11964	409070
K10276	410848
K10268	409829
K08775	725687
K10683	724551
K08065	411193
K10485	552325
K27075	724922
K10457	413623
K10295	413709
K09645	410451
K10301	413498
K10310	726014
K09436	551804
K08729	410330
K01183	413481
K00326	413189
K14033	408586
K14034	406084
K14035	551825
K02432	551124
K08558	551232
K13960	726740
K10280	410175
K08042	552216
K14003	410340
K10401	724193
K00121	409773
K13811	409460
K13811	413048
K09373	409095
K09374	410658
K13539	409923
K10800	413439
K14545	724267
K13783	413840
K00830	413678
K08653	412293
K13750	412777
K13510	550970
K13513	727539
K13515	724443
K13675	552204
K13697	413594
K13982	410692
K12302	410752
K05034	406071
K24348	408433
K07847	411209
K13356	411983
K13514	552688
K10314	552431
K04131	412299
K07910	409388
K10521	551188
K13805	550791
K13808	412907
K07972	551950
K03359	726277
K09646	409162
K13758	410525
K13761	410379
K07953	409613
K04374	410226
K00921	410183
K23905	726147
K13719	552263
K08576	726223
K04165	406068
K10082	552816
K09385	724740
K00236	409549
K11666	100576104
K13917	414001
K13504	408465
K05860	408804
K08471	727431
K07851	725345
K09486	551763
K01897	412541
K00731	409263
K13754	724430
K07819	552398
K06515	552329
K09291	412508
K07252	552373
K09200	551928
K09185	410925
K08706	412475
K08706	724765
K06639	411995
K06639	412844
K09517	552223
K00072	551857
K08545	725327
K01191	412838
K04600	551848
K10771	551153
K00974	413815
K03267	413943
K01081	551770
K01537	724440
K14290	413018
K14822	551400
K04255	406128
K04163	726702
K04157	411323
K04346	410906
K14301	413675
K14307	725896
K03540	724659
K23029	551814
K14286	408817
K00913	551726
K06530	726883
K05636	726736
K11656	726619
K09321	725495
K14137	725592
K05637	410775
K09420	409733
K04255	406127
K11271	725013
K09586	724341
K08471	725483
K04437	410171
K00289	551401
K00825	724239
K17338	408942
K18592	726158
K00310	552118
K14071	412570
K02606	552652
K22063	552616
K07188	413702
K09884	552149
K14072	411614
K14310	411918
K08507	727156
K14308	410972
K13577	412503
K10348	725461
K09302	410648
K13763	410630
K10600	724690
K13516	413305
K00771	413854
K00011	551968
K10481	412384
K00993	411698
K13617	550901
K10270	551738
K13506	409270
K10349	413692
K08705	413474
K02871	413928
K00430	551975
K01092	408868
K14326	409839
K04256	408985
K10765	408980
K14191	552043
K14676	724510
K05036	412285
K03331	413567
K00387	411849
K11348	411881
K11590	408891
K06110	412036
K06240	412663
K00763	550885
K14411	409961
K14411	551123
K11468	724913
K15027	408580
K14032	408872
K14304	408625
K01365	552756
K14289	413344
K14295	410864
K14298	409169
K07933	552042
K10105	551712
K14347	724999
K03966	552424
K08048	726262
K06816	413732
K03957	100302106
K14209	409640
K05290	411058
K08744	409698
K00078	412231
K14376	409704
K10134	412017
K14396	409558
K14405	410219
K14381	408686
K25769	412130
K01227	725194
K14398	551973
K01411	552055
K14407	550924
K09614	725241
K05110	408489
K07299	409933
K14284	413650
K05410	413493
K10106	551869
K00699	411021
K08963	409023
K01049	410270
K24634	100577194
K15498	410924
K03537	552780
K14387	408935
K09216	552100
K04505	413169
K08869	552569
K08471	102654049
K09452	552251
K14404	412627
K08471	102656830
K04679	413457
K14312	412721
K08497	552153
K14327	413146
K14328	552225
K05655	552433
K05288	409860
K00010	552024
K05293	724943
K14399	551305
K05016	413069
K05012	409144
K05019	551690
K14303	725332
K14306	409734
K14156	411525
K04708	408892
K14394	727300
K14284	725134
K07298	551198
K08052	552370
K16799	551746
K10640	551842
K10768	552732
K02153	552410
K00272	552692
K13711	725812
K13084	408301
K14293	410447
K14388	413556
K14157	552130
K00965	724540
K10838	552498
K08592	413926
K07364	410649
K05607	409494
K06519	552381
K13411	551970
K14285	413378
K14313	412835
K14439	412850
K02130	409930
K14445	725438
K14440	551616
K05463	727308
K14819	412979
K15013	551837
K03103	725931
K00416	726316
K00420	726777
K14457	409905
K00280	408544
K03962	725712
K11351	724719
K01173	551715
K01273	410291
K03372	408402
K14774	411603
K09536	412118
K14409	409556
K13288	551671
K14864	408687
K14402	411465
K14455	412675
K14428	413689
K14429	411661
K14713	412094
K14400	409322
K08745	408564
K08745	408920
K08745	552113
K14168	413889
K14709	411807
K14408	410390
K14401	551997
K10847	412240
K09521	552151
K14397	552140
K14406	409688
K14753	409450
K14998	413781
K00591	412082
K07554	726453
K01930	413810
K13248	725365
K11363	409799
K12114	410253
K14459	413672
K14549	412931
K14850	724435
K14291	409229
K14947	413638
K14294	410103
K14300	411735
K00863	413697
K10477	413971
K01754	409058
K14169	727009
K05402	552034
K09309	725504
K05961	552840
K14442	411492
K15084	551811
K10250	724552
K13356	724560
K14443	726804
K14443	410675
K13249	551353
K13251	552295
K15029	552056
K15044	551909
K03145	107963960
K12822	408705
K19403	107964998
K03660	107964412
K10871	100576677
K10880	726326
K07190	107963991
K08469	413568
K05313	411050
K03440	100578247
K03440	725359
K14613	727496
K14553	727320
K14554	411026
K14571	409408
K14573	552112
K14994	727310
K14995	552028
K15015	409089
K10723	411057
K14960	411265
K14937	551179
K03103	724619
K14834	725755
K14838	552509
K14962	411879
K14799	551781
K14797	413588
K15111	409508
K15119	551301
K15107	414011
K15104	552016
K15113	552801
K15101	552595
K15103	410791
K09307	410643
K15085	413551
K15076	413407
K16543	726602
K15122	410862
K15122	410803
K06580	551604
K03454	411142
K09452	725502
K14209	413117
K17293	725690
K14616	411053
K14640	409056
K01922	411581
K08193	725462
K11455	725474
K18157	551426
K14302	413343
K14325	551707
K03135	411144
K00030	552128
K02129	551861
K03662	725661
K14292	410239
K14165	410177
K02306	552545
K14085	411140
K14296	727447
K01446	725158
K09081	725085
K06774	725091
K00699	725106
K00552	552832
K08399	411738
K03951	724264
K11344	725186
K00327	724870
K10392	413837
K14079	409838
K03635	414033
K08597	726605
K01280	412055
K14258	551643
K09399	726050
K06695	726449
K10899	413362
K08546	413558
K02174	552255
K00698	412215
K14353	409670
K03510	551219
K10766	551104
K05011	408467
K14319	411909
K09320	724845
K09479	412025
K04153	410435
K09485	408706
K14311	411474
K14318	726338
K09568	552115
K14299	413365
K14309	410343
K05662	412749
K14793	410879
K14805	726586
K14808	413660
K14946	410951
K14945	725878
K14803	551020
K14794	727591
K14795	724432
K14942	408710
K14716	552697
K14785	724363
K14786	724948
K14787	552231
K12040	408306
K14851	724372
K14848	726110
K14775	551532
K14779	724538
K14859	411953
K14852	411192
K14970	410989
K14972	411600
K14973	551833
K14561	411856
K14846	410875
K14849	412480
K14966	551801
K14965	725102
K14570	410766
K14539	551834
K10718	724216
K14569	414048
K06943	410799
K14570	408656
K14536	409305
K14610	412431
K14567	413758
K14568	409857
K14559	411233
K14566	413649
K14724	414012
K14575	411003
K14821	724352
K14830	411845
K14764	551431
K14715	409145
K14790	410990
K14788	411240
K13201	411890
K14771	411404
K14708	726392
K14950	412741
K14556	552439
K14557	412410
K14717	410567
K14721	413688
K14801	409110
K14563	551992
K12041	552330
K15074	412616
K14558	551087
K14961	410855
K14798	409659
K14463	551250
K05292	410132
K14560	551413
K14209	410741
K14209	552193
K14209	413000
K14649	411742
K14662	412885
K14765	552729
K14768	724809
K15115	410062
K14801	724151
K12823	411250
K12823	550801
K14696	410816
K15075	552848
K14767	413529
K14521	724656
K14769	725143
K14550	410319
K14552	550808
K14555	724596
K09317	552099
K01194	410484
K01103	409963
K14802	552074
K14648	552734
K08955	409178
K12592	725049
K14807	726819
K15153	409749
K15169	725023
K14546	409353
K11687	411423
K14677	408969
K14766	413720
K14763	725948
K15025	726428
K15131	552719
K10721	727118
K03323	409073
K15030	409842
K15148	413179
K15152	412578
K15178	725696
K14360	100578664
K08220	408828
K15382	409064
K23040	727048
K11317	412199
K00774	551860
K03000	100578235
K03004	100578089
K03005	551240
K15177	551906
K23041	412296
K11316	100576151
K11318	100578437
K09407	411276
K10882	552851
K15292	412924
K15442	725247
K02333	100576960
K15439	100577000
K13293	411288
K15335	411579
K04615	410979
K15369	410101
K15424	726544
K15426	410045
K08660	412393
K05181	412740
K15338	724240
K09090	724914
K10858	100576649
K02350	100578071
K11652	551914
K15180	100578503
K15192	725306
K03018	725552
K15266	725496
K15263	551406
K15264	410262
K15361	411121
K15363	100577784
K15456	412954
K00026	725281
K14454	727622
K00626	551395
K00825	725529
K13356	100576414
K15307	551526
K15164	410159
K15176	413130
K15448	724794
K10638	724805
K15685	552347
K15309	408676
K16673	551265
K15603	410553
K05034	494511
K15732	551207
K11478	409252
K15149	552161
K15167	408458
K15171	552076
K14815	410200
K14856	552280
K14847	551311
K15118	411790
K15109	725922
K14607	410233
K14837	411091
K14810	408371
K14985	410405
K15109	552361
K15116	409122
K15121	410612
K14835	726212
K14841	724658
K14574	413196
K15001	409469
K15009	726461
K15010	413278
K08865	551365
K14777	412190
K14709	412448
K01518	724681
K14708	413934
K00944	552511
K15106	413711
K15108	727424
K14708	724952
K14708	552279
K14708	410507
K14709	413553
K15100	412678
K15105	408967
K14544	551689
K14538	724161
K01183	412273
K15102	413517
K08958	410831
K14530	551953
K03860	724339
K14620	411110
K14843	724129
K14589	411249
K18529	409498
K14833	413591
K14844	725197
K14840	412688
K04372	412470
K07213	725138
K14708	413816
K14572	551016
K14686	551217
K14692	411095
K14826	725976
K14688	552634
K16353	551168
K14820	724203
K14831	551383
K15040	551325
K14863	413404
K15014	552491
K14816	411293
K14823	726028
K14824	551531
K15026	552764
K15014	552653
K11364	408702
K14570	725324
K15198	725286
K15601	408944
K15179	408541
K15208	726474
K15199	100577886
K15200	726080
K15201	726568
K15620	412824
K15621	408914
K15410	409015
K15425	727222
K15682	410133
K15687	725397
K05336	412081
K15362	411185
K15637	412666
K03010	552156
K15445	552626
K15447	410286
K05175	726970
K15430	724798
K15203	100576506
K15139	410973
K15144	412422
K15181	411415
K15436	726159
K15438	409404
K15407	410295
K11339	413181
K15168	411545
K15304	724785
K10706	725908
K15728	410201
K15789	410432
K15730	552470
K15734	409260
K15734	552689
K15382	409141
K15378	551137
K10803	100577027
K06642	552548
K15455	100578901
K15193	412227
K10523	411827
K11323	411069
K15210	726244
K15202	727205
K13806	413224
K15326	725252
K15688	409295
K15759	726824
K15137	412348
K15141	726666
K15157	551478
K15159	551212
K15162	409271
K15003	102656882
K09553	102656934
K11292	410274
K10586	411115
K13140	411177
K01196	411488
K15196	409247
K15537	413590
K15151	552403
K15182	411195
K15187	724205
K15186	411433
K15191	724474
K15156	552794
K15170	413495
K15161	412009
K15175	412377
K15183	409928
K15324	100576289
K00016	725482
K00016	411187
K10251	725258
K00507	100576797
K00016	411189
K01183	412245
K01183	551344
K15255	410410
K03504	100578479
K02605	100577998
K15637	551178
K05309	726977
K05038	725346
K05038	725420
K05038	411181
K15559	412928
K15731	551591
K01800	411088
K10185	726654
K12663	100578624
K10605	100576640
K00503	751102
K05034	408381
K10413	725068
K10414	411639
K10408	552224
K15287	408681
K15289	412751
K07739	100576866
K15284	100578526
K15288	409588
K15607	724148
K05906	412611
K18932	412024
K05175	413803
K07509	551775
K00814	409196
K01409	411654
K00419	100578782
K15128	552449
K15129	550881
K15133	411043
K15446	724635
K07583	411505
K15501	551486
K15502	552812
K15146	413520
K15276	412435
K16794	408869
K15135	408728
K15143	412870
K15166	412332
K15174	552621
K04936	413994
K06839	408960
K09068	725127
K15272	552001
K13024	725179
K04361	100577393
K15409	724672
K18437	408699
K04715	408315
K07305	724494
K15297	410001
K13026	725983
K15216	726812
K08669	551969
K15414	413762
K15631	411261
K14314	100577501
K12171	412175
K11310	724646
K15213	552839
K04615	410140
K15627	727144
K15690	552497
K15692	408283
K15719	411905
K15698	410740
K15703	408523
K12158	726552
K11650	552582
K15172	413814
K15262	413674
K01432	726754
K15683	726904
K12479	727031
K12491	724383
K15779	412362
K15376	552364
K15332	413087
K15280	727001
K15283	411269
K14963	552669
K13172	725959
K14944	410165
K15542	413618
K15544	413619
K05048	411199
K05048	409142
K05039	411729
K05038	410578
K15235	412644
K15837	410315
K15278	725569
K15173	410273
K15188	410174
K15279	551237
K15516	410580
K15902	725086
K07765	724553
K08678	410234
K13698	552611
K01017	550998
K15979	552259
K21444	408372
K11352	727199
K03960	725315
K02267	100359409
K02268	100359410
K02144	409055
K11726	100578006
K01672	100577841
K01672	725261
K01672	727237
K14073	726880
K10703	100577192
K13239	552143
K01080	724942
K01080	727078
K09881	727071
K00649	412563
K01047	552242
K16055	408867
K16056	412524
K12350	727146
K00803	725343
K01511	551373
K02328	725330
K01768	551461
K08045	726514
K13644	552795
K00558	100328599
K09188	411466
K09189	100577280
K12323	726069
K06928	725299
K00254	100577081
K13800	100578311
K01620	413885
K13647	100578909
K02966	726270
K10994	100576872
K16059	411739
K16063	551174
K23840	411457
K23837	102655034
K23841	724235
K18932	725183
K04209	727324
K00850	724724
K03841	727153
K04417	411566
K24015	726032
K09048	726184
K09097	411234
K09223	100577543
K09201	100578927
K09304	724252
K02896	100576457
K07293	412529
K09362	100576220
K06232	100576349
K24014	408845
K24029	725925
K00162	408654
K01792	727456
K01958	412876
K12373	725178
K03781	443552
K05858	408791
K16060	413374
K01053	413627
K00846	726522
K00849	100577378
K09083	102656766
K09083	100576434
K01116	551709
K10572	100576733
K03934	726035
K16307	412132
K16518	724955
K16526	726682
K16610	724974
K16603	413973
K16172	408438
K16602	414032
K16609	411090
K16600	551967
K01988	727510
K00737	100578875
K00753	100578168
K09669	100577519
K07809	413133
K00902	724234
K12666	726087
K01197	406146
K05283	726815
K07541	725135
K05285	726310
K05287	100578188
K05289	552360
K00949	727520
K00861	552134
K00953	100576660
K01934	100577699
K14050	726983
K14163	725395
K00231	552482
K00522	551651
K08817	552469
K08796	413633
K08805	410910
K00871	550645
K08828	409409
K01278	411229
K08656	412681
K09108	726729
K08705	726450
K09227	100578824
K09228	724604
K16343	410570
K16530	724705
K16336	413557
K16459	725589
K00318	411808
K11142	552109
K10712	724666
K01008	410258
K11204	100578132
K00799	552314
K00729	100576818
K07151	551853
K00710	100578215
K00710	410938
K03691	551457
K08110	552340
K04669	726478
K08836	408519
K04426	408533
K02214	725465
K08855	413462
K07752	724816
K09103	410694
K16531	551897
K16540	726076
K16219	550780
K16174	552526
K08866	100577120
K07178	100576572
K08892	412588
K05704	413464
K05125	411213
K05093	413200
K07369	725958
K04527	725827
K11838	409332
K05687	551882
K11141	551518
K01412	552175
K01273	551121
K01262	100576296
K01359	410438
K02730	100578243
K08657	552236
K09037	726492
K04450	100576527
K10049	726550
K09062	725191
K09073	100576215
K09091	100577069
K09106	551264
K16601	413213
K10293	100576098
K16185	724408
K16621	410776
K16186	551980
K11593	411577
K09339	725302
K16449	726284
K16449	409912
K16449	726548
K16461	725707
K16570	726073
K16536	412262
K16546	413166
K16535	724715
K16569	412823
K16571	412119
K16572	725685
K16573	100577816
K16576	413144
K16578	410545
K16469	552019
K04962	408680
K16473	724166
K16487	412516
K16500	412795
K16302	552800
K16482	552037
K16484	100578040
K16458	100578015
K16311	413736
K16462	100578774
K02091	408406
K09443	725629
K16365	409909
K16472	100578999
K16474	411047
K16507	408767
K07912	552730
K07914	408741
K16513	413024
K09300	410642
K17065	411472
K12821	413108
K11798	412406
K10950	551535
K13948	411378
K02978	726295
K14297	408335
K16196	725088
K08833	413334
K16308	551513
K08835	413029
K08596	726735
K16288	412747
K16315	552287
K16575	551438
K16309	411080
K16340	410926
K01047	409277
K01047	100577717
K01047	724436
K16344	100578725
K19513	410511
K05695	413569
K05628	409084
K02888	725201
K02881	552628
K00920	409276
K16777	726381
K16780	725536
K16753	100576843
K16672	552079
K09855	410542
K02876	412367
K02887	409951
K02879	412549
K16687	408292
K02867	100577702
K02863	724493
K02884	552593
K16742	552232
K16740	100578386
K16744	410483
K16747	412827
K16749	411651
K00507	552417
K00507	102654211
K00507	727333
K01187	406131
K01183	100577156
K01097	552430
K00326	100578628
K00698	725284
K01069	552568
K01816	102654610
K01672	726890
K01672	100576224
K01092	726481
K03955	102654169
K00411	725527
K00417	102655970
K02267	100576847
K02127	102654955
K01672	100576115
K02967	411862
K02961	551158
K02988	411103
K02906	552676
K16833	727432
K16832	410767
K16782	408990
K16779	409085
K16677	551706
K16678	725245
K16679	726958
K16680	413423
K16781	413899
K16683	409898
K16719	412251
K19599	100576169
K02902	412473
K02886	552641
K02899	411618
K02892	724708
K02939	725866
K02874	552097
K16751	725376
K16756	410851
K16759	412804
K16831	725798
K16748	551495
K16796	408411
K16803	409359
K17804	412409
K16717	726438
K16733	410144
K17785	408548
K16686	552413
K02890	413121
K02926	725062
K16669	410009
K02907	724164
K02895	408675
K09851	724888
K13145	412509
K02959	725291
K02963	100578560
K02992	724125
K02946	409129
K02963	551397
K16676	412617
K16681	725591
K16682	408431
K16684	100576968
K02950	409723
K02954	724744
K02956	100577575
K04926	100577254
K16685	413440
K16691	100577697
K02996	724162
K02990	551584
K17800	551843
K02916	725659
K16718	408563
K02935	409926
K16726	409983
K16727	413677
K16731	410659
K04804	411303
K16734	724923
K02914	100578551
K02911	413398
K17776	551902
K04397	412235
K06091	409904
K07865	412309
K16943	412647
K08031	724238
K18488	726710
K09326	410684
K16942	412180
K04392	552138
K04599	724853
K04353	413246
K16972	732491
K05330	408463
K05330	408462
K03440	726792
K05213	552552
K16994	732494
K16976	100315687
K16983	100315668
K17008	100315672
K14459	551303
K04659	413782
K17043	411450
K16996	100315686
K08471	100577743
K08471	100577091
K08471	725297
K14832	100578014
K16912	100576848
K03440	725457
K09280	410534
K27803	102655994
K27804	724660
K12379	100578561
K04905	410498
K01623	725455
K16977	732512
K16980	100315656
K16860	411715
K16862	727254
K11343	550814
K09067	100578780
K09360	725590
K16970	732495
K08471	100576167
K08471	413684
K04675	725711
K09214	100578523
K17041	100315658
K04378	724322
K08366	552047
K16939	408882
K16944	725834
K13114	409672
K16896	413609
K06947	100577927
K16914	411568
K13443	409187
K07962	100577580
K17177	732496
K17178	732497
K08738	724543
K07955	552448
K17725	551510
K17168	732498
K17183	100315666
K17233	410092
K17083	408836
K07950	551034
K17095	409068
K09884	551806
K09884	725165
K04409	551659
K16194	552472
K04674	550930
K17102	552797
K17414	725980
K17424	409269
K17254	551650
K17267	412083
K17301	725057
K17425	551321
K17430	726151
K17458	411548
K07945	724594
K17197	411642
K05323	724864
K17339	550886
K17343	724916
K17369	100315659
K17383	725117
K17335	408354
K17306	100578629
K17403	552152
K17406	726673
K17409	412984
K17418	725854
K17419	410727
K10402	551711
K17398	410798
K17391	410398
K17452	408661
K17343	100578651
K06270	726541
K17441	100577801
K03098	100578744
K17307	409950
K17086	552455
K17428	413774
K00115	552395
K19612	725486
K17279	551678
K17387	552508
K09389	412770
K17401	726000
K17345	551898
K17350	410821
K17356	551248
K03099	552718
K17411	725620
K19607	412167
K17255	411765
K17402	100576088
K17404	411924
K17413	551939
K17284	409465
K10151	413183
K17286	727311
K07841	725901
K17278	413164
K08853	552731
K17079	413438
K17080	408412
K13578	408442
K17257	408324
K17081	551944
K02913	726779
K08838	410427
K17260	409313
K17302	409990
K17262	726139
K17087	551549
K17264	552191
K17336	408694
K07937	409481
K17086	552723
K17277	408693
K17231	413740
K08821	552617
K10373	408414
K17461	408485
K17435	726480
K17433	552471
K17353	409511
K01528	410923
K17261	410158
K17263	409918
K17405	726731
K17407	725538
K02104	100577214
K17285	551434
K17410	727055
K17412	408493
K17408	410856
K17365	732510
K17421	727014
K17422	724790
K17426	552656
K17427	413989
K17906	726497
K17434	725918
K17431	724516
K17432	724263
K17429	726617
K17607	412696
K17609	100576333
K25093	409788
K17491	410056
K12751	551149
K12757	550973
K08898	552061
K17479	411159
K17496	408569
K17498	552167
K17506	552068
K04650	724535
K17509	412372
K17542	727415
K17543	408591
K17543	409492
K17605	409443
K17711	552071
K17601	100576958
K07277	413450
K02433	413878
K17583	100576775
K13216	412478
K09370	100577472
K09441	100578252
K09257	724663
K11224	413742
K11644	409049
K11723	411112
K14206	725069
K14636	725064
K14453	100576446
K17493	408631
K17555	552560
K17622	412528
K11536	410532
K03238	100578660
K17560	100577302
K17569	725193
K13159	410674
K17635	410322
K17675	551613
K10147	412655
K17572	408471
K17497	550926
K17563	551742
K17562	724380
K17597	551666
K17584	551754
K09373	726415
K09564	409427
K13201	551623
K14323	100578879
K09554	724675
K17591	724299
K15423	552290
K09506	100578360
K14827	726961
K03768	552033
K17617	408417
K17541	412446
K17544	409527
K17623	725653
K17696	100216325
K17608	550685
K17595	100577050
K17654	100577673
K17655	100576610
K11498	100578129
K16725	100576185
K08889	411582
K17633	724344
K17680	100578653
K17686	412379
K11479	552733
K17508	551694
K04082	100577992
K17492	412133
K08858	410562
K17525	552683
K19897	411344
K17540	551685
K17503	408701
K17618	725786
K17616	411972
K17613	412746
K17610	408982
K17603	409941
K17602	100578597
K21772	726399
K10951	409208
K12843	408606
K12849	100576794
K13148	100576359
K13211	100579003
K01164	100578852
K14548	724542
K14564	100578005
K14537	725378
K14778	725441
K12487	411891
K17095	412487
K12392	726187
K12261	552738
K05700	552082
K10360	724859
K10407	726991
K02359	727422
K07817	551375
K14951	412074
K11173	552069
K15001	100577883
K03350	409522
K02177	409780
K11108	100576850
K01102	413080
K17552	412093
K17600	725982
K17586	727274
K14855	724610
K09585	726237
K10661	552378
K10601	100576667
K04678	412866
K04532	550745
K10478	100578209
K10866	726642
K06670	411619
K11306	724159
K17589	408358
K17681	551329
K17551	551498
K17550	413165
K17575	100577967
K17579	100576100
K17580	412436
K04237	726759
K14806	413874
K10951	409715
K06062	552646
K11292	410331
K14996	552798
K06258	409924
K04437	409697
K03068	551021
K06057	727399
K06066	724875
K06233	552358
K05635	409474
K13803	409631
K10575	551971
K11319	100578127
K11166	410952
K15421	725534
K17637	726595
K17653	726530
K17662	726341
K19525	726908
K09276	409854
K17700	408271
K17782	726337
K15001	552679
K17866	726363
K17867	724329
K17868	100577136
K24889	412840
K17757	550956
K06927	411591
K14999	408383
K14999	409677
K14999	412209
K14999	412936
K14999	413083
K14999	413908
K14999	550965
K14999	551028
K14999	551197
K14999	551560
K14999	552418
K14999	724946
K14999	725087
K14999	725159
K14999	726646
K14999	726690
K19754	100578233
K19755	726810
K19757	725360
K13104	727140
K17768	726081
K17770	413845
K17817	413933
K15001	413833
K17777	725240
K17784	726902
K17822	550726
K17776	726364
K17779	726131
K17781	725705
K17794	552727
K17795	413799
K17796	726569
K17820	726350
K17797	725011
K17771	727327
K19760	411414
K19758	411506
K11446	410874
K05850	551261
K19751	413267
K24651	410865
K04698	552036
K17732	410022
K12475	552414
K17769	409500
K17778	726061
K17816	410765
K17725	410023
K17780	726498
K15003	408452
K15003	408453
K15003	410492
K15003	725621
K17783	724451
K17824	410394
K17759	727471
K04610	411760
K16476	412745
K13185	726077
K11147	100577607
K08202	408302
K25178	102656137
K08462	552108
K18159	726255
K18203	409320
K17943	408298
K18080	408429
K00139	412305
K17914	409869
K17914	725239
K25614	102655189
K00894	102656504
K17887	727331
K17923	413831
K17925	413460
K17929	552189
K13298	100577138
K18211	411114
K00504	412898
K17889	412687
K12345	102656812
K17908	552201
K22938	724357
K02919	113219015
K05696	408900
K18061	410887
K17988	412224
K16667	725294
K09405	726165
K09093	411264
K09228	100578559
K14388	113218569
K10203	725842
K01511	726444
K08493	551996
K16471	100576885
K10203	113219003
K15700	113219004
K10203	113219005
K16466	113219009
K17570	113219012
K17902	409346
K17907	412115
K04266	411420
K17919	414028
K17921	409154
K08331	551384
K17926	551297
K17936	408945
K18060	551561
K17935	413129
K18078	410442
K18025	408846
K05619	411132
K18082	413663
K18048	410521
K18085	410106
K18037	551573
K18038	411227
K17915	412638
K17920	727452
K17986	412864
K18081	411563
K18170	726662
K18178	725170
K18190	100577803
K16728	100578429
K09008	102656215
K18183	102655540
K18180	552586
K17968	100578534
K18040	551449
K18042	411320
K17888	726781
K21437	412459
K21437	412451
K17981	724600
K21436	414022
K18134	408434
K17916	413170
K21456	412610
K21456	411372
K17917	725492
K21442	552483
K17918	409132
K17960	724860
K18160	100578218
K04606	406151
K18084	412880
K18086	413411
K05694	100576384
K17922	412842
K22610	552129
K17928	410297
K17941	724716
K17966	725040
K17885	726264
K17969	551255
K17972	414027
K17973	413950
K05665	412217
K18161	102653955
K04699	552150
K18184	102654007
K18083	727030
K18164	551492
K18163	726383
K18166	552066
K18169	725675
K18162	100576544
K18264	409366
K18171	552802
K18259	100577135
K18260	413512
K18269	412160
K18182	726259
K18270	411637
K18188	726644
K09228	102655124
K23560	100576993
K18328	551497
K05052	551571
K13708	725248
K19573	726664
K24684	725468
K04459	411820
K24682	413676
K13509	724995
K13509	724951
K04712	100578035
K00079	551072
K00699	727593
K01785	725351
K00699	409203
K19572	102656439
K20251	408965
K01689	102655754
K18966	411771
K18402	725950
K18399	410993
K18401	552703
K18410	100576669
K18405	724356
K18405	726241
K18420	725512
K18327	413245
K18400	411539
K01593	410639
K14829	102654594
K18403	726137
K18404	724775
K18406	551474
K18407	100577228
K18408	727113
K17805	102655673
K18411	409557
K18412	411646
K18342	551509
K18415	100576625
K18419	414009
K19721	408394
K18423	411865
K04157	552518
K20015	408521
K18283	412573
K20213	726124
K20214	410537
K00599	551133
K18443	727312
K00827	100576186
K06225	100576449
K00281	100577053
K08883	102654626
K10755	726018
K08740	726455
K18467	725700
K06237	408551
K14565	413935
K10693	551203
K01872	551243
K14416	551269
K13146	551270
K10369	551361
K00451	551465
K27757	113218594
K01204	725899
K15293	100577517
K11787	100577675
K11577	100578823
K14772	100577763
K14403	102653588
K17599	102654165
K03364	102654186
K06961	102654312
K16197	102655329
K11800	102656021
K14809	102656093
K15127	102656134
K05633	100576472
K18461	724795
K10636	100576187
K17894	100577332
K14165	100578953
K14464	102654353
K07295	102654580
K03256	102655836
K07834	102656587
K08858	102656656
K06627	102656846
K15614	413366
K14324	100576967
K18464	725612
K14443	100578925
K18468	408796
K18398	724738
K25762	551818
K08031	102654776
K18460	413636
K18490	551357
K18442	409370
K18486	100576222
K01769	411635
K01769	413274
K03243	408556
K11853	410109
K06030	410263
K10592	411961
K12391	412884
K16175	413669
K17809	551574
K12858	551823
K05925	551911
K05760	551919
K01021	552278
K03247	552351
K07377	724217
K12076	724292
K10779	724593
K18050	724607
K17387	724731
K13956	724969
K11886	725156
K07870	725244
K11273	725323
K04432	725374
K16449	725485
K14776	725642
K05674	725993
K04498	726280
K03211	100576369
K04727	412212
K03679	413484
K03260	725259
K02154	727630
K14315	100576125
K02604	100577679
K09372	100577751
K17823	102654871
K00006	102656448
K03129	408923
K05542	409102
K10643	409200
K12607	409280
K17286	551688
K02375	100576247
K06640	100576402
K18463	726132
K18465	551888
K18484	724636
K18466	413239
K18470	551838
K23377	408579
K11426	412195
K03873	551511
K18595	410261
K18595	410078
K13887	409316
K22563	102654920
K18631	408558
K10408	725593
K18532	410676
K13886	412080
K22904	552437
K07885	411260
K03103	100577002
K18587	552125
K18584	410115
K10408	411602
K10408	410323
K10408	413097
K10408	724806
K18630	100578212
K07890	409863
K00234	408734
K10408	551562
K18588	725060
K16864	100315657
K18621	551658
K18622	409713
K18592	410096
K18619	409082
K18624	411683
K18628	413948
K18629	727267
K11878	102655399
K18630	411725
K22791	410755
K17790	100576422
K10408	411301
K10408	725479
K03016	102655904
K03019	102653930
K03024	102655679
K02685	100578483
K00547	550789
K08683	726590
K18201	725458
K18669	412917
K09090	100578067
K09090	724465
K09106	551590
K08546	551649
K09233	100578226
K09319	725151
K09330	724934
K09332	724196
K09336	411315
K09342	411104
K09368	408435
K09371	724778
K09381	410499
K13566	551760
K15608	726761
K09402	100576194
K04682	551896
K15593	726458
K09267	102653993
K09267	726180
K09270	727287
K04491	726671
K10175	552311
K10176	726842
K10180	410885
K10185	411133
K19489	100577410
K11313	102654708
K11368	102655217
K15189	102656249
K15195	100577139
K12832	102656442
K12834	724320
K12845	102655272
K12850	100576620
K12875	100578161
K12735	100577735
K09566	726826
K13120	724807
K13129	100577491
K13153	100578277
K12898	727106
K13164	726108
K13165	727299
K14943	410758
K02948	410678
K02955	725168
K02979	724629
K02883	102654426
K17423	102656685
K14527	102655617
K14525	100578399
K09550	102656136
K05864	100576706
K09565	724326
K12946	102656491
K14001	724587
K14009	551768
K14014	102655388
K13504	725310
K08513	102656652
K12456	102653956
K06664	102655950
K10635	726305
K15700	100576708
K06084	551558
K10306	552488
K10398	100577649
K15043	727561
K02330	724170
K15078	102656132
K10903	100577296
K05661	726867
K05673	409897
K05673	410269
K05673	725051
K07299	409424
K13855	725581
K14388	409899
K14388	410454
K13868	410296
K14445	410018
K12301	409336
K08193	726545
K18710	726745
K05357	724791
K00787	102654683
K00787	551910
K00787	726859
K00787	726969
K00787	727618
K05954	102656263
K04978	412391
K03859	102655948
K00953	102655648
K00858	724260
K01077	410393
K12160	550834
K00799	726823
K03850	102655688
K07542	102655219
K05286	102655898
K00734	102655877
K01017	100576099
K02514	412762
K08115	412778
K18728	727230
K18733	102654369
K18739	412961
K18743	409086
K18747	725679
K06227	552173
K18655	552567
K18763	411476
K18663	552814
K18757	724517
K15308	725393
K11353	102653862
K07560	100579024
K15440	551302
K15441	102655240
K15865	413250
K15429	102655612
K03439	100578380
K06176	102654640
K15901	102655203
K06963	100578697
K10761	410055
K02434	102654365
K14320	100576146
K03113	102654691
K03240	102655618
K14411	100578236
K07374	410614
K07374	411519
K07374	412886
K02602	724704
K18695	410117
K18740	550822
K18666	551376
K18646	413280
K18745	551582
K25417	107964653
K18644	725039
K18741	408956
K18756	413416
K18667	100578931
K18752	408842
K18668	413825
K02084	100578356
K04404	726947
K18734	726359
K18732	551151
K15223	408520
K18723	412950
K18703	102653793
K18334	411307
K18735	411774
K18726	412414
K18729	412416
K18751	726543
K18674	551581
K18730	410003
K18749	410015
K22984	725384
K18643	410348
K18665	102655411
K09408	727091
K18809	412703
K25192	552182
K20839	724179
K18204	726115
K10203	725031
K18826	107964319
K01384	725511
K18496	551529
K14165	102656384
K14165	724994
K04398	724930
K20009	100576819
K04377	100576392
K08704	102655120
K09195	724156
K12833	107964950
K13864	410272
K09884	107964089
K06271	551272
K08471	102655663
K05313	100578352
K03440	726149
K20824	724241
K18798	552015
K11165	411863
K01462	102654737
K07759	107965692
K19410	724620
K06975	107964901
K13339	726348
K05752	107965288
K02184	726681
K12461	727079
K15047	408497
K00871	107964213
K04422	410119
K02178	726325
K17554	102655479
K17573	409429
K08030	725220
K19589	102654014
K18914	100578109
K20819	410518
K20821	725774
K20822	551585
K00699	107965199
K00699	413043
K01107	107963968
K20828	408657
K20053	412401
K07941	107965281
K20280	100577610
K17268	107965192
K08773	102653965
K06676	107963961
K11492	100576754
K11502	100576482
K11547	100578011
K05688	550929
K20826	551753
K20827	724863
K06679	724819
K20794	725628
K20799	412453
K18953	724701
K15615	724796
K24652	727151
K19054	552635
K01673	725877
K20813	408649
K23038	724937
K23518	408589
K24242	725409
K11254	102655073
K09075	102653654
K08886	413052
K19041	408543
K05361	726269
K19026	726567
K19027	725704
K18993	411364
K00326	410936
K19539	726417
K20791	726609
K19176	408742
K19201	409995
K10703	413078
K13356	725187
K19179	726389
K19202	551831
K10734	107965817
K11801	406118
K11579	102656142
K18405	100576747
K16470	724732
K16533	726394
K10425	102656311
K10421	727159
K07935	107964764
K19177	724564
K20800	725045
K19199	410155
K19192	413821
K19196	552686
K19269	410071
K19384	102654192
K19363	726167
K19385	102656287
K08074	413336
K24020	724417
K19473	551364
K19383	726999
K10747	408752
K19348	102654091
K19328	412965
K24154	726361
K12472	727227
K19370	410730
K19352	100578105
K12562	409851
K19373	551875
K01128	410577
K19332	102653893
K19491	726743
K24360	411019
K19499	552711
K19502	408908
K19323	726806
K19326	551356
K24104	552405
K19399	725231
K19365	410854
K19367	408673
K19306	551414
K00858	408642
K01669	551610
K19329	411815
K19330	413668
K19415	410796
K19375	725898
K19464	408963
K19465	725107
K01112	100576467
K19603	408917
K00844	408818
K00161	100578735
K00627	100576646
K00382	102655391
K01647	406080
K00164	413768
K00235	551917
K13356	412986
K01052	409999
K13509	724907
K18932	410985
K00915	724909
K19526	413036
K19527	412701
K23568	408621
K24265	409017
K08134	725819
K19530	552577
K19514	552228
K19656	727298
K00115	100576547
K19584	410228
K19511	413025
K19583	408989
K19532	724925
K22556	552645
K19531	726888
K19671	408662
K19674	411338
K19677	725556
K19672	726791
K19675	724653
K19679	409358
K19676	409371
K19684	408382
K19685	726600
K19719	410038
K12322	409422
K19673	412650
K19678	552021
K19681	551202
K19703	726585
K19682	413068
K19680	551464
K01302	410148
K01302	410149
K19683	413930
K20245	409942
K04834	409018
K04851	100578899
K04854	551883
K04860	408841
K04861	100577376
K04863	408430
K19737	100577481
K19761	550955
K19730	726197
K19765	725609
K19753	100578952
K09414	411854
K19770	725572
K19774	100577980
K04097	552304
K04097	411045
K20456	408952
K21249	100578537
K04097	552283
K19787	551439
K05631	410083
K10162	724378
K18441	726993
K01539	410913
K01539	411083
K01539	413471
K04239	724473
K04280	409042
K04585	726953
K04599	102655112
K06258	726871
K03320	724079
K16056	102655332
K04611	726424
K08470	411102
K04911	409845
K07839	724366
K07843	409966
K07852	102655814
K07921	102656792
K07378	409003
K07378	724137
K07521	410246
K06820	412274
K06508	409513
K06842	724736
K06497	406108
K06537	102656585
K06571	412465
K12474	552297
K15053	100577963
K12197	727512
K12959	408310
K12480	726432
K17346	725505
K17259	551605
K17095	409533
K16848	100578255
K02503	102656183
K17284	100578428
K00069	409847
K17292	725630
K14410	551618
K13443	724386
K19363	725688
K13337	100578522
K13348	102654488
K13348	724570
K13353	100576735
K13710	411626
K05741	412191
K05701	725098
K10397	102655879
K07767	551788
K10408	411894
K11173	100577856
K10758	725287
K05619	409425
K08077	408833
K06999	725796
K11393	552510
K00809	100578266
K07478	409392
K07478	410463
K03926	552415
K07232	408369
K04530	410852
K08709	102656008
K18200	408568
K14073	727173
K13109	411392
K02971	551479
K03242	685996
K19283	726571
K08360	102653815
K08371	726441
K04392	552419
K16601	102654331
K02311	100577769
K06111	551354
K08059	552600
K08762	411272
K13806	726798
K12460	409177
K02175	551589
K16866	100576956
K12566	409378
K15630	102655796
K16815	726656
K19176	551094
K19176	727271
K19283	100577516
K19283	411830
K19283	726703
K19788	413266
K13524	412177
K22499	409256
K13356	100576895
K07374	552766
K07374	724291
K18758	552355
K14773	550996
K14782	726685
K14800	724413
K09140	409232
K14860	100579057
K14861	726580
K03979	411922
K11518	102655740
K17808	102654261
K17890	725024
K15028	551960
K07561	552087
K03695	725826
K09519	727642
K09542	410857
K09542	412197
K09542	724274
K09542	724367
K09542	724405
K09542	724488
K10314	100578714
K10448	413270
K11791	100576972
K10339	102654173
K03028	413574
K03032	409699
K06692	102654919
K06694	551954
K10735	100577899
K10737	412034
K11275	100577833
K11278	102655896
K11456	412117
K11461	726007
K11491	100578339
K11504	100576938
K11514	724643
K02537	102656337
K13728	724158
K16548	100576851
K07375	100577548
K10390	100578704
K07951	102655466
K16750	102656131
K15104	412424
K15104	413294
K14684	551976
K15117	102655263
K14708	102655983
K14686	102654496
K15275	724534
K14209	102655654
K14209	726786
K14719	410710
K04874	408343
K07200	724442
K04887	412934
K04892	408576
K04908	100820634
K19801	408373
K04919	413020
K04967	410823
K21246	102656905
K21247	725263
K13240	503861
K10382	408779
K19832	413531
K19828	102655141
K20792	411163
K19910	724220
K19873	412635
K19912	725891
K19937	100578281
K05323	409572
K20401	409702
K19863	409351
K19904	409957
K19862	551892
K19907	409138
K19953	409047
K19938	413784
K19870	411467
K12567	551259
K12160	409308
K19985	410084
K19867	410204
K19984	552574
K19986	411775
K04946	413159
K19931	552362
K19932	551385
K19933	408653
K19951	410950
K23562	552077
K19995	410441
K19998	410849
K20002	725747
K04365	413448
K04944	410317
K04919	411036
K04967	724608
K13279	409954
K04885	410060
K20011	408540
K20029	413240
K20027	102656283
K20030	551683
K20032	411148
K20032	409559
K20804	412550
K20825	410911
K19983	413524
K09322	725407
K09329	724301
K09341	724456
K13171	725155
K13176	107964891
K17710	102655127
K10667	100576412
K16765	102653680
K15626	726175
K20798	408762
K20042	552221
K20813	725801
K19871	551803
K20793	724486
K20031	412690
K09191	725301
K19942	411937
K20044	409435
K19944	551429
K19952	100578580
K20797	724908
K19941	551737
K20631	725588
K03858	725298
K19947	413310
K20820	726304
K19949	724747
K20028	550989
K22559	100578763
K20071	727108
K20125	409323
K20126	409604
K20056	552503
K04994	551894
K20045	409554
K20163	413331
K20096	552664
K20095	724247
K20101	413592
K20102	551840
K05022	408481
K20180	409117
K20210	100577174
K04974	552792
K20184	551708
K20221	412817
K20167	412306
K20168	552379
K20183	409186
K20222	724927
K20173	410142
K20178	409620
K20185	408415
K20223	551725
K20189	551978
K20186	409088
K20067	413428
K20194	412265
K20068	726273
K09260	413946
K20193	726067
K20195	412707
K20069	409531
K06689	724793
K16061	726172
K20228	100578699
K20225	100578885
K01376	413447
K20241	408507
K20099	409028
K04233	413582
K20230	552187
K20234	410622
K20279	411705
K20305	412104
K20314	412599
K20286	410558
K20307	551472
K20182	411886
K20803	107966117
K20308	726633
K20317	413073
K20293	410298
K20129	726291
K20310	552422
K20135	551588
K20281	725295
K20315	408333
K20316	409706
K20128	411219
K20131	412728
K20303	552442
K05627	410480
K20309	412596
K20160	409184
K20304	725904
K20123	409748
K20164	412128
K20289	552714
K20295	551090
K20174	409525
K20302	412710
K20292	552540
K20290	410387
K20176	411540
K20300	726962
K20288	727228
K20196	409676
K20294	411239
K20301	552743
K20291	411125
K20299	550700
K20211	406073
K20216	408844
K20296	552845
K20318	725977
K20306	408401
K20298	412346
K20278	409136
K21767	725910
K20283	725689
K20217	412125
K08840	413504
K20179	410493
K04975	726119
K20181	413525
K20120	725583
K20121	413812
K20187	102656006
K20188	724688
K20191	100578602
K20190	724591
K20100	411754
K09280	410535
K20224	413940
K20346	412554
K20397	725789
K20404	100576879
K20398	724446
K20399	724365
K20405	409317
K20353	409888
K20406	412531
K20396	725584
K20368	100576453
K20393	410130
K02580	552247
K20360	410792
K20364	100579055
K20364	409790
K22937	408774
K20472	550981
K20471	552346
K20465	552620
K20473	413118
K05273	408450
K20347	552602
K20349	102655603
K20368	724346
K20358	551520
K20362	551459
K20366	411722
K20367	410338
K20403	724472
K20407	726771
K20369	552234
K20409	410345
K20408	413957
K20363	102654121
K20410	724509
K20371	408600
K20372	100578721
K20352	409026
K19496	724912
K20351	409976
K20520	409548
K20526	408532
K20526	408572
K20526	408972
K20476	411939
K20474	552312
K20477	413244
K20493	552026
K05181	406124
K20674	724703
K20629	409255
K24062	409315
K20635	413451
K04734	411012
K20656	413030
K20640	413855
K01179	413346
K20632	410706
K20641	410044
K05312	408525
K20705	724415
K07525	413583
K21763	100576709
K20704	413063
K05312	551010
K20683	724332
K20701	100578156
K05313	408645
K05313	409777
K20689	413562
K05312	724143
K05312	725996
K05312	726214
K02937	107964351
K02373	100577690
K05769	409108
K05312	410478
K05312	406148
K20699	100302584
K20703	409226
K12035	724752
K16736	732515
K04734	725124
K09254	406086
K12872	411538
K20639	408285
K20647	552265
K20655	409836
K05312	406153
K05312	406082
K24350	409820
K20697	725832
K13218	552709
K20724	725957
K19613	107964349
K20777	725586
K05313	410623
K20721	102656074
K05313	551704
K20840	552239
K05313	412993
K13370	552493
K17362	107964507
K00939	100576953
K00939	102654366
K01464	102654653
K11429	411906
K14938	107965828
K14939	410495
K19009	412260
K13295	100578746
K10864	100577449
K13865	409646
K20227	100577521
K19882	107963993
K20858	725974
K20840	100578557
K20730	411490
K20790	102656548
K20818	726308
K20823	725320
K06756	411829
K15443	107965508
K14317	412464
K14322	100577746
K18716	100577687
K16913	100577127
K18189	100578853
K10100	725028
K11138	100577739
K05397	409040
K01689	552678
K01783	107965225
K00700	727168
K01183	409759
K05397	551680
K14453	725394
K20726	410283
K20779	410198
K20776	724855
K11529	411541
K16465	412449
K27061	724251
K20915	100576717
K21032	410005
K21013	551405
K21121	552443
K09668	551749
K06104	410307
K25877	551296
K21027	551812
K21108	410134
K05323	725219
K21138	552583
K22555	552363
K20638	411535
K20967	551891
K21198	409363
K21248	551036
K08488	412816
K21245	410031
K22733	552704
K21358	413467
K25818	725047
K21286	725501
K21643	551787
K07756	411306
K24427	413185
K21411	412510
K21412	100577386
K23014	410336
K21396	726508
K22940	725358
K22936	410890
K22984	100577955
K08471	102654906
K08471	107964982
K21398	494509
K22988	552643
K22991	412972
K23014	552477
K21418	494506
K06691	413299
K09084	100577795
K19511	412013
K21403	409244
K21406	408981
K21413	408887
K21424	408451
K21439	408773
K21435	408390
K21554	413653
K11833	408964
K22984	724763
K23002	727022
K21596	724592
K21598	410334
K21594	102655778
K21751	409197
K21752	100576571
K05643	726941
K16729	412067
K21771	413667
K22984	102654878
K22984	107965011
K16675	412051
K21766	724928
K21863	413947
K18693	551489
K00777	411719
K21768	724808
K21879	410320
K21842	724826
K21773	410863
K21774	726496
K21775	408984
K21776	409483
K21841	413791
K21843	551884
K21848	100577553
K21852	411245
K21870	551625
K21853	410777
K21877	552101
K21878	724915
K01148	551033
K21797	411013
K21798	408546
K21844	551705
K21862	411653
K21894	751098
K21893	726240
K21914	552480
K21918	725415
K21915	411419
K21754	411214
K16804	724687
K21889	552282
K21890	409189
K03320	552640
K21919	412259
K04599	724760
K04599	724780
K22943	413898
K21891	552501
K22990	724985
K21958	410517
K21987	551452
K21991	412564
K21970	102655259
K21988	412005
K21989	409310
K04381	552651
K24309	412878
K19029	409574
K22037	725480
K22037	413472
K22037	552285
K05746	727235
K22939	724829
K13781	411772
K19476	727141
K21956	100576447
K21988	410728
K22037	724832
K22037	551165
K22066	551959
K13525	409377
K22138	411677
K07195	551576
K22070	413746
K22072	724467
K22128	408427
K24060	551430
K22074	412366
K22139	413186
K22071	552105
K03595	726385
K23115	100577931
K22073	724700
K15890	406147
K22145	552460
K22075	727306
K15333	727398
K22182	410032
K22139	724499
K22984	100576734
K09022	100576270
K03377	411555
K22068	409130
K22076	551864
K22069	102655452
K22984	100576462
K22329	410948
K22193	551156
K23377	409970
K22194	100578300
K22204	411764
K22985	725576
K22204	551782
K22991	412744
K22814	726331
K22204	408898
K23456	411663
K07976	409364
K23728	725334
K19511	551544
K00873	413112
K22255	409090
K22285	552573
K22290	411533
K22262	551947
K22291	551111
K22808	408697
K22282	409360
K25476	551913
K22375	724561
K22384	100577285
K22744	100576487
K22747	413958
K22746	552386
K05723	410804
K22329	410947
K22377	726989
K22387	412851
K22388	552530
K14415	409653
K22390	413429
K22380	412351
K22382	724976
K01551	409264
K22403	409337
K22385	100576930
K18849	727303
K22376	411694
K22383	409876
K22370	726045
K22371	551374
K22381	408345
K22400	107965534
K22399	411596
K22414	408724
K22415	551279
K11206	413852
K22420	100576947
K22366	550992
K22422	410194
K24354	411502
K24342	411748
K07380	551807
K22470	100577145
K22647	412828
K22455	726312
K22503	409945
K24341	409782
K13596	412471
K07232	727004
K19511	413054
K22530	411858
K22524	410012
K22525	408602
K22533	552365
K22449	552804
K07575	726009
K22560	409913
K22564	725475
K01769	724603
K22561	726232
K22566	725684
K04255	413961
K22659	413977
K22535	724961
K22641	107963982
K22536	100578718
K09205	552397
K05706	410464
K22531	411496
K22647	552561
K22611	410749
K22656	408770
K05052	726755
K22755	411483
K22696	726811
K22697	412697
K04224	411611
K22803	724244
K22735	552749
K22758	408308
K22825	551740
K10395	412131
K01076	413279
K19511	412774
K22815	406110
K22866	726437
K22864	725065
K04170	413550
K05052	726393
K05052	411672
K22870	413466
K22869	726566
K22867	102655942
K22863	726636
K04194	410654
K22861	552698
K22860	410561
K08635	410380
K08635	408500
K08635	411396
K22872	412883
K22873	725008
K22856	552181
K04144	406111
K22830	102654379
K22763	550664
K22827	552081
K22804	727192
K22765	100578170
K19511	410515
K22762	409784
K08375	413211
K22766	552806
K22817	727247
K22855	552772
K04145	408995
K22679	102653748
K04148	406070
K22868	413795
K22862	100578370
K04131	412011
K22687	727335
K04255	768250
K22756	100578530
K16639	408355
K22807	726261
K22824	552833
K22761	726041
K22900	412107
K00810	552769
K22910	411612
K22919	413040
K20694	100577844
K22913	410980
K23112	726906
K23820	408878
K24095	411145
K23151	552348
K24030	100578988
K23093	724953
K23114	551009
K00682	725055
K12870	412966
K23164	411304
K07441	107964350
K14394	113218590
K06133	113218957
K04345	102653709
K02730	113218757
K22045	724150
K04461	107964404
K11141	552078
K06704	409692
K03138	727088
K09215	725003
K09995	100577942
K09349	102656029
K13107	107964436
K23205	107964437
K14354	107965041
K04565	113218958
K18633	113218950
K15110	113218991
K06258	724429
K05858	724471
K02970	113218892
K17420	113218524
K20649	409268
K22651	113218570
K20526	107965562
K23194	552094
K22651	725025
K20242	726727
K20301	113218829
K22537	100577533
K08220	107965219
K04534	102656465
K23218	409593
K23219	408801
K23330	411262
K06843	724319
K23166	552659
K07847	107964025
K04883	726238
K23162	406130
K18168	113218840
K19949	410318
K02310	725070
K23333	410595
K06823	412865
K04358	113219412
K13127	100577263
K13149	102654894
K23168	113218716
K21956	551941
K19934	113218965
K20029	552426
K19483	408725
K06825	725800
K16690	113218545
K04950	408865
K23195	100576586
K18409	100576436
K22670	724246
K22816	113219230
K14689	107965038
K23326	411062
K23340	552451
K23314	411839
K25304	724343
K23285	408480
K23296	551451
K00934	550932
K23342	100577456
K23332	410772
K23337	552542
K23289	411793
K23338	409454
K23317	100577672
K23282	412386
K23339	724141
K23292	410702
K23297	552420
K23336	726667
K23343	412249
K23334	107964022
K23341	551427
K23335	102655030
K14483	113218755
K26454	725607
K23354	551547
K13526	410527
K23344	552123
K23345	102653641
K23327	410017
K26457	552367
K23034	411557
K24886	413368
K26458	411861
K23298	100578661
K23291	726949
K23308	551066
K23295	102653773
K23309	724786
K23281	551135
K23287	725595
K23288	725781
K23224	726460
K23294	725093
K23438	412727
K23439	552096
K23390	408889
K23387	411795
K23388	551718
K23424	410485
K23402	727294
K23413	725366
K23407	410102
K23435	551792
K23368	411348
K23398	102654890
K23424	100577493
K23424	408787
K23406	408633
K23404	412787
K23437	411556
K25636	727524
K23362	552716
K24228	413693
K06674	412832
K07532	410127
K23490	724654
K23542	411335
K23495	411554
K23504	725516
K23506	102654090
K23539	413437
K23541	551441
K23490	726860
K23583	412511
K23505	100577982
K23496	725822
K23543	102656291
K23501	550915
K23569	552372
K15042	409543
K23488	100578818
K23567	551477
K23532	410098
K23581	726914
K23566	726894
K23588	726587
K06910	408516
K23553	412085
K23563	411882
K24083	412636
K23497	551083
K05033	410944
K23498	724155
K23564	551505
K23565	412349
K05853	410371
K23489	724971
K23460	726003
K23490	726913
K23490	413486
K23490	726850
K23500	408539
K23480	408455
K05692	406122
K24075	408924
K23491	408311
K23538	100577724
K23570	724750
K23544	551890
K23551	412722
K23552	408784
K23552	410754
K23677	413089
K23612	409218
K23664	725895
K23679	552383
K23680	726443
K05751	414015
K23625	409151
K23643	408457
K23617	552475
K25207	413399
K19195	409456
K06910	726495
K23600	409065
K19919	551597
K24864	725429
K24067	551654
K23690	410332
K23712	726829
K23696	100576563
K23687	727000
K23705	413382
K23704	412103
K23727	727350
K23697	550870
K06086	409655
K14611	410114
K23691	725923
K23739	410546
K23739	552162
K23781	551790
K23733	113218665
K21407	552536
K23718	412918
K06709	726918
K23731	102655592
K14885	113219419
K23735	726239
K23802	725596
K23728	724483
K23741	413579
K23740	551916
K23792	551828
K23791	412343
K23970	100577742
K23868	411721
K23794	410895
K23800	724932
K08752	408689
K22790	412896
K06083	410922
K24068	552479
K23845	100578513
K23859	413248
K23858	551633
K23853	725962
K23855	409318
K23855	411693
K23855	100577959
K23860	409217
K23860	410718
K26163	552767
K23847	408721
K24069	409865
K26167	551071
K26164	551494
K23902	408672
K23972	409867
K23893	724852
K22984	100576681
K22984	100576714
K22984	100576749
K22984	100576816
K22984	100576881
K22984	100576914
K22984	100576944
K22984	100576984
K22984	100577031
K22984	100577068
K22984	100577181
K23893	100576826
K23907	102655470
K23880	409518
K23884	413545
K23899	410216
K23901	411647
K23886	102656425
K23883	727278
K23878	552673
K23882	410636
K23881	551595
K12563	551772
K23624	413021
K14276	113219143
K14276	113219420
K14836	113219115
K14279	113219333
K14279	113218702
K01230	100576383
K23951	724804
K23952	725742
K23964	412342
K24065	552345
K24047	409402
K23922	552261
K24815	100577369
K23929	113219328
K14427	411113
K23915	409779
K23963	551579
K23909	409367
K23965	410202
K23969	727460
K23714	726431
K14284	102656258
K10250	409638
K22649	551349
K16601	724379
K23952	102653824
K23540	100578253
K08040	100576700
K09228	409573
K06774	726655
K09228	411780
K10250	551938
K09083	102656170
K08716	100576458
K06774	413555
K04439	551043
K14686	411403
K21396	726853
K09232	100576110
K10478	100578031
K11459	100576671
K02183	552209
K00275	551533
K09614	551502
K08804	551895
K14073	411609
K05313	102656088
K10791	100577651
K16605	107964212
K08886	552576
K09228	100577756
K06774	411345
K23935	411299
K02374	100577492
K23939	409786
K23957	410904
K23958	408821
K23960	409900
K23961	408792
K23962	411452
K14278	113219290
K14280	113218703
K24024	409610
K14999	112939925
K06767	412855
K20780	100577253
K14999	112935903
K09228	100576600
K00699	100577140
K21032	409245
K08186	552505
K11680	100576784
K22866	100578614
K11529	726367
K23353	726668
K06766	726723
K04984	726724
K19283	726737
K14317	726354
K01904	726362
K10385	725019
K23644	409053
K02374	100578579
K09228	102654736
K09270	726298
K08635	726421
K09228	409470
K08198	412056
K01135	412829
K24013	411732
K18435	727284
K04402	724756
K14258	100578810
K24021	100577579
K16061	726899
K09228	100578482
K23284	551077
K11094	409948
K19511	724541
K00799	724197
K12259	726650
K13051	102655798
K09228	100578924
K10273	100578044
K13196	100576266
K23533	724651
K04397	100576484
K04599	100578046
K00731	100577546
K12895	726153
K05683	726513
K08371	100576555
K10089	100577582
K00069	100577149
K21952	726770
K04261	724237
K09228	100576817
K19613	100576789
K03103	100578307
K00025	100576801
K24050	410178
K11548	100577499
K26201	724602
K24048	408359
K24049	408598
K09228	724513
K12385	724283
K09331	724307
K09542	724449
K13443	725038
K05673	413959
K11471	100576908
K24051	724424
K04367	494522
K12298	410928
K08031	410818
K12044	410815
K08752	409798
K14648	107965838
K09210	100576307
K05142	100577213
K16586	100576143
K09319	100577365
K06767	409817
K24230	726515
K05679	550918
K24660	552815
K14258	408478
K04683	409887
K07833	411671
K06774	413350
K25720	408531
K09228	100578529
K04585	726535
K00747	100579040
K01135	551758
K17656	100577377
K09228	102656501
K00002	551927
K25551	412021
K11430	552235
K20133	552473
K16599	409770
K01050	413047
K19519	725892
K10268	551728
K19178	724475
K10886	102654398
K16362	100578238
K05053	100578296
K04560	726584
K10399	410959
K06583	552742
K17578	725656
K10523	100577913
K09228	413766
K17916	552512
K09228	100578355
K00560	551983
K08637	410452
K07759	408282
K16220	102654029
K05673	551061
K23203	102655420
K22759	100578540
K05614	409919
K13212	551987
K13195	413508
K09228	102654395
K25059	113218808
K22790	413698
K24133	410624
K13885	412630
K09228	100578743
K03103	409751
K19906	725860
K07378	724358
K06774	408715
K04497	408890
K06774	411176
K08202	102654777
K11140	551180
K08578	724568
K22909	552765
K08202	726412
K20692	411899
K24539	409331
K14971	409107
K05125	411201
K05866	726510
K11875	552102
K03364	726912
K09228	726368
K04531	412594
K18709	100576862
K00849	100578397
K09228	100578694
K01296	726554
K16765	102655100
K17963	727127
K09228	113218554
K09228	411930
K00507	724226
K00507	113218558
K14620	113218559
K06676	100576990
K18194	113218630
K17529	410933
K04615	113218647
K02607	113218653
K11830	102654682
K14590	113218670
K09572	113218709
K03358	726378
K15980	102654465
K05198	100576135
K21347	100578919
K00965	113218760
K02208	100578736
K14387	409043
K21232	113218772
K02728	113218560
K03539	100576378
K20097	113218779
K05863	107964398
K09228	113218788
K16550	107964419
K10408	113218800
K00699	113218830
K00699	725017
K16816	551055
K00418	113218834
K19374	102654159
K23939	107964589
K10408	113218865
K10402	102656082
K01312	100576637
K22909	725524
K12739	724323
K09035	724861
K01312	100576838
K05313	102653800
K07378	410779
K09327	726538
K14937	551632
K12892	727349
K09239	552030
K13752	411781
K13751	411976
K22037	725513
K13701	100576249
K09228	724739
K08202	410997
K10306	726708
K08515	100577614
K01135	411657
K09228	409153
K05901	412445
K17656	102656199
K22653	726060
K11143	100578990
K05613	408769
K05679	414051
K05679	724304
K05680	411997
K09228	100576131
K00408	552374
K06774	414025
K04284	724495
K16642	551031
K16453	100576871
K09455	410802
K13358	413207
K00019	409087
K07193	552012
K09993	102653940
K01135	552073
K18411	100576828
K15608	727035
K06774	410888
K10374	413205
K04497	411175
K06061	408877
K13814	551222
K09269	408884
K14971	725706
K00699	725997
K17785	724706
K19363	107964769
K08040	107964774
K14792	107964835
K08193	725701
K17259	100578928
K11663	107963965
K14356	409650
K14388	410683
K13718	100576989
K00115	410747
K17701	408780
K04443	409246
K12462	409741
K06774	413215
K12302	413263
K19283	725215
K23636	408864
K09228	102653601
K24023	100577719
K16806	408685
K25827	409891
K02085	552177
K19525	727221
K05684	413844
K22866	102653718
K15734	100576773
K08059	107965322
K08664	726329
K22594	100577367
K16830	107965473
K16809	107963986
K01312	408534
K14388	410626
K21777	113218519
K13023	102654111
K21396	412203
K01312	113218562
K13752	100577986
K10949	113218566
K02435	113218895
K19511	408953
K17576	551308
K06497	412694
K11985	100577676
K17436	107965674
K14025	550975
K12259	725007
K09228	411960
K13752	412316
K11546	107965854
K24936	413955
K11667	552481
K24997	409182
K10879	102656733
K14729	724838
K14648	552728
K06774	726017
K14388	724546
K10876	413753
K19001	726235
K06237	102654867
K09223	102655131
K06774	725840
K03691	113218534
K23047	409753
K10268	113219245
K17659	113218580
K09203	726302
K01025	726863
K10867	102653753
K08336	113219359
K08471	102656321
K22790	412994
K03768	408428
K22655	413370
K08842	413385
K13885	413408
K01291	551327
K09365	100577603
K06515	724285
K15190	107965250
K01047	409307
K12823	102655407
K10980	113219086
K04968	726193
K00787	107965814
K04211	552761
K09215	113218532
K10739	113219256
K11433	727429
K01312	725250
K01312	113219265
K17198	102653951
K09282	100577909
K06584	725946
K06774	410662
K05680	726944
K05679	412748
K04393	724279
K04599	100577142
K05360	113219403
K17256	408888
K03098	409025
K01312	409626
K23440	410245
K00477	410288
K01904	411105
K00002	411202
K05125	411212
K10250	413789
K15348	413802
K23092	550677
K23164	551545
K19398	726019
K00413	113219091
K17795	113219103
K09228	100577250
K01988	107965795
K02437	113219111
K14999	107965400
K14999	727598
K14999	113219203
K06532	727302
K09215	113219211
K14999	102653899
K09070	113219217
K06237	410509
K08155	726278
K07555	113219283
K15734	411340
K01052	411353
K06754	412739
K01016	412996
K10250	550828
K05679	552371
K15272	552387
K19720	552446
K11153	552758
K10356	100578575
K03037	100576286
K02857	724287
K03671	100578002
K06774	410655
K04599	113219298
K08619	412890
K12591	113219318
K12386	724468
K13348	107965313
K11096	113219413
K00965	113219414
K02685	113219416
K06768	408688
K03098	409278
K06096	409934
K00049	410042
K02183	410610
K22369	410878
K01312	410894
K06569	413167
K25549	724647
K14483	113219422
K22823	550978
K10657	100579022
K26111	411699
K22984	100576153
K21842	102653798
K24797	413361
K01070	412193
K04794	726369
K09341	107965480
K05199	411220
K09228	100576261
K24964	410019
K24227	100576554
K05681	410967
K12599	413690
K13131	411217
K24796	408604
K24412	726733
K25777	726330
K26203	724225
K24627	725218
K08239	552725
K24675	552580
K24901	724282
K22984	100577226
K22984	100577334
K22984	100577446
K22984	100577590
K22984	100577634
K22984	100577671
K22984	100577715
K22984	100577786
K22984	100577813
K22984	100577902
K22984	100577979
K22984	100578013
K22984	100578083
K22984	100578210
K22984	100578402
K22984	100578520
K22984	100578886
K22984	100642172
K22984	102653810
K22984	102653865
K22984	102655147
K22984	102655180
K22984	102655218
K22984	102655367
K22984	102655434
K22984	102655435
K22984	102655553
K22984	102655825
K22984	102656805
K22984	107963966
K22984	410603
K22984	725861
K24645	102656356
K11423	100578450
K24369	412302
K25228	724920
K26219	412799
K19382	724598
K24727	726210
K16589	113219257
K24937	100577996
K25191	102653614
K24931	552612
K24963	724802
K19756	551802
K04462	725792
K25368	100578877
K24627	411586
K24928	411172
K24869	413873
K25790	551150
K10277	113218746
K24387	408319
K25129	726339
K24637	727528
K17594	408740
K24469	100578434
K24983	551602
K04688	412419
K14165	552492
K25366	726872
K10615	411750
K15281	725105
K08861	726051
K04349	726401
K11876	726900
K20668	413397
K24940	726570
K20668	406143
K22984	102656567
K24070	552095
K24643	412574
K24875	102655824
K24064	724333
K16812	100577382
K11377	102655126
K08790	724929
K09183	725350
K08794	727249
K02633	406112
K01915	410066
K03680	724123
K04536	410497
K00639	411916
K01974	552554
K08900	552253
K07611	413222
K08852	408501
K10398	551109
K01590	408587
K04371	409523
K00261	409253
K01195	409814
K01599	726501
K05849	409818
K01885	411707
K08269	552571
K00995	413879
K00772	552740
K07048	411691
K10396	411769
K23801	411947
K24889	412839
K05323	409771
K26456	411569
K22188	100576373
K24626	552009
K05323	411958
K24104	552648
K02349	724423
K04646	550716
K23146	551208
K26469	100576951
K24098	724851
K24098	410866
K08789	409193
K10846	410097
K04733	725368
K14887	113218914
K14276	113219330
K24104	725745
K24086	409379
K11450	726469
K10591	411723
K10352	412092
K07376	406092
K02677	406106
K24146	102656661
K24141	552633
K24166	408578
K24169	107965022
K16755	100576101
K19752	100577358
K03083	408976
K03131	100576176
K09219	100576293
K06767	408670
K09221	410222
K12896	413835
K10516	551360
K16184	551512
K24053	552040
K05271	552785
K25392	414017
K13172	100578680
K23994	410780
K24142	412361
K24143	411238
K24134	410549
K23994	725900
K04362	409061
K11376	724842
K10901	412756
K06675	413418
K24155	725436
K24173	410446
K08142	726814
K24124	725288
K24125	412162
K08026	552619
K24253	102655282
K24254	100579007
K24262	408937
K24224	102656492
K24222	408730
K07939	410306
K24223	726250
K24205	100576831
K17751	409843
K13780	411935
K13780	727552
K24205	408303
K01106	406096
K24099	413125
K24174	100577423
K24185	411068
K10258	725146
K24195	411811
K24195	551795
K24183	724172
K24273	408597
K24335	410877
K24272	552539
K24332	413755
K24498	408987
K19750	100578862
K24550	409039
K24553	410538
K24404	411903
K24426	107963973
K24478	410514
K24429	410696
K24554	409596
K24399	725390
K24502	100577696
K24496	551736
K24518	724618
K24418	726163
K24517	410271
K24465	100577629
K19750	113219241
K24254	551469
K24501	408295
K15890	412458
K24473	410739
K24473	411155
K24512	411355
K22984	100577867
K24527	726029
K24537	411072
K24526	100578631
K24427	410824
K24428	726068
K24435	724698
K24634	726373
K24634	408727
K20671	725154
K24628	552331
K24624	725253
K24635	410597
K24595	100577707
K24594	725587
K24610	726128
K24685	412318
K24629	551874
K24630	102654791
K24633	727375
K24678	725603
K24611	410361
K24680	410891
K24576	551619
K24576	412780
K24826	725850
K24688	100578910
K24728	552238
K24752	410205
K19600	412481
K24720	409680
K24750	551345
K24758	551536
K24761	551480
K24780	413998
K24736	412495
K24824	724176
K24744	411204
K24760	100578260
K24808	412158
K24768	410166
K24825	724856
K24746	410771
K24828	726219
K24852	410328
K24838	107966047
K24725	410350
K24687	410085
K24738	412288
K24741	411604
K20284	410970
K24812	724506
K00898	410424
K24739	412755
K24734	409686
K24799	411753
K24723	100576290
K24721	413132
K24722	409463
K24778	552088
K24774	409325
K12482	724787
K24729	411073
K24865	724306
K24763	412629
K24764	411805
K24786	410255
K24842	113219228
K24732	113218929
K24734	410501
K24837	726765
K24814	412157
K00934	409807
K24979	726928
K24943	107965233
K24926	551047
K14388	409467
K25058	100579049
K22984	100578842
K22984	100579011
K22984	102653979
K22984	102654216
K22984	102654452
K22984	102654782
K22984	102655559
K22984	107964732
K22984	726834
K25057	552332
K24990	409893
K24992	411969
K24996	412642
K25006	551587
K24924	409238
K09307	551594
K24909	408342
K24927	551730
K24897	726978
K24932	100578239
K24895	724120
K24991	412407
K24939	412734
K24888	411252
K24887	551185
K24874	724801
K09305	551506
K09307	406077
K24970	410116
K24971	412408
K24943	413787
K24982	409757
K24973	725987
K24956	412769
K24974	552093
K24891	724727
K25100	412243
K25102	551421
K05812	411215
K25070	551981
K25079	408620
K05870	409401
K25112	411391
K25167	409666
K25168	100576404
K25081	412116
K25186	409254
K25091	408915
K18966	408509
K25174	725092
K18966	409063
K25177	102653759
K25163	412129
K25164	102656841
K25166	412624
K25209	725754
K25204	726133
K25201	412834
K25202	409992
K25203	725887
K25215	413919
K25218	552400
K27587	551257
K25292	552393
K25291	412623
K26403	552791
K26405	551148
K26403	409195
K07361	551213
K25795	725965
K25788	100578998
K25395	100576859
K18173	100576945
K14258	102655153
K14073	409553
K01415	411846
K01052	552588
K08635	724803
K25388	551999
K25389	726649
K10802	725551
K25461	100576242
K25451	413319
K25458	102655008
K25475	724507
K25470	412363
K25470	412310
K25477	409372
K25457	725157
K25443	100578975
K25450	102654746
K25460	726905
K25440	551122
K08147	724998
K25439	100576128
K25452	412759
K25426	726775
K25474	102654268
K18625	408897
K25472	725523
K25533	102655249
K25552	551908
K25554	412109
K25546	107964258
K25572	726053
K22984	102656907
K15890	724721
K25605	410033
K01298	726391
K25608	107964702
K25609	725598
K25614	726532
K25615	100577436
K06944	411280
K25628	724455
K25592	725036
K25639	551612
K25648	100576150
K13696	551744
K25687	100576121
K25686	100576093
K25668	409362
K26273	100578826
K13704	411927
K13703	414038
K13915	724899
K13915	113218576
K25701	409816
K25743	409124
K25731	411237
K25730	107964903
K05732	551731
K25768	551830
K25757	100576337
K25773	725935
K00875	411100
K25780	100577552
K05719	406097
K05719	724950
K25824	411908
K25802	100577401
K25826	410347
K25803	100577644
K25830	107963990
K25829	102654012
K25805	409291
K25815	552213
K25789	552705
K25794	725303
K25812	100579005
K25791	100577896
K25809	552147
K25806	411998
K25867	411570
K25817	552145
K25839	550738
K25856	725697
K25857	100576405
K25866	408304
K25874	410853
K16608	410428
K25876	724742
K16506	411157
K16606	414043
K25931	408346
K07566	725234
K25949	411435
K16589	100578205
K07466	725934
K26006	551676
K14857	107963983
K07565	113218983
K05313	410788
K20017	411613
K00142	411766
K23605	412601
K12483	413012
K12386	551080
K14213	551552
K00049	551667
K17352	552124
K00115	406081
K00115	551044
K10845	408269
K03514	552662
K06224	726929
K14842	107963962
K02977	413884
K20198	411814
K03111	727210
K26053	100579008
K26100	411746
K04095	409726
K05969	725196
K26093	726397
K26089	409046
K26094	100577722
K26090	413309
K26098	100576761
K23408	725859
K26151	552407
K26152	102656893
K26153	410819
K26153	410820
K26153	410870
K26153	100576666
K26125	100576374
K10998	725981
K26144	100579034
K10992	102656197
K26154	552605
K26109	724986
K11661	413341
K10997	550811
K26118	412606
K26161	408655
K26159	107966055
K26162	409137
K26216	551720
K14886	113219026
K14483	113218754
K01979	113219341
K01981	113218694
K26207	410381
K01981	113218677
K14877	113218815
K14879	113218704
K14277	113219216
K26186	102654345
K01982	113219383
K11434	725362
K26244	725317
K26229	725510
K26238	726164
K19197	411044
K26241	551755
K26242	409119
K26226	409902
K26229	724328
K26250	726504
K26232	552667
K26258	551735
K14927	113219064
K26267	726957
K26269	413754
K14874	113218913
K26387	113218817
K26319	113219178
K22023	727052
K26401	726833
K26392	412323
K26404	724370
K26420	412284
K26421	408504
K26434	413006
K26437	551665
K26437	408674
K12405	409986
K26419	552831
K02999	725216
K03002	725719
K03021	552658
K06669	410217
K04429	413126
K11407	725938
K03347	410565
K15691	409940
K07190	550706
K12616	413099
K11265	102653763
K26496	552050
K26497	724630
K26502	100578943
K26499	411266
K26501	725266
K19478	412141
K26498	408819
K26500	725048
K26537	725210
K11422	411985
K26503	551450
K26545	413433
K26539	551982
K26544	551515
K26544	552489
K26536	552359
K22984	107965761
K22984	102654074
K22984	102656429
K22984	100577309
K22984	100578230
K22984	107966050
K22984	100578045
K22984	100577714
K22984	100576940
K22984	100576839
K22984	100577482
K22984	102656221
K22984	107966034
K22984	724590
K22984	102654183
K24456	410236
K22984	102653637
K22984	100577938
K22984	100576522
K22984	100577787
K13983	725388
K22984	102656838
K01109	410061
K22984	100577101
K22984	100576246
K22984	100576282
K22984	100642169
K22984	100578142
K22984	102656904
K22984	102654841
K22984	113218602
K22984	100578724
K23804	552185
K22984	725752
K22984	102654530
K22984	100578189
K22984	100577371
K22984	100576783
K22984	100576212
K22984	113218533
K22984	100642168
K22984	726097
K05323	413106
K22984	102655285
K05323	413503
K22984	724462
K22984	724673
K22984	100642170
K22984	107965760
K22984	100578617
K22984	100642171
K22984	102655857
K22984	100577888
K22984	725052
K22984	725205
K22984	102653703
K22984	102653716
K22984	100577755
K22984	100578047
K22984	100576992
K04593	552142
K12301	410278
K22984	724202
K22984	726459
K22984	100578685
K22984	100578751
K22984	107963999
K20694	100578548
K20694	725541
K04887	551845
K14437	726524
K09640	113219006
K09640	726352
K18462	724959
K09175	724622
K19530	107965147
K26608	552590
K26734	408528
K26675	102656326
K26682	411459
K26678	409743
K06768	408786
K12820	551824
K26736	412221
K19932	726283
K26680	412544
K26674	102655523
K17985	727634
K26683	412806
K12150	552803
K22984	100577024
K26746	414042
K26811	727466
K11153	413869
K26797	409571
K26770	413916
K26752	408503
K10250	100578829
K14258	412007
K06624	725144
K26935	411573
K22984	102656271
K22156	413377
K26934	100578323
K11345	551029
K09507	411071
K26979	409417
K26957	102653961
K10666	408751
K12848	551832
K10657	102655138
K10657	409835
K10656	725067
K27045	552623
K05169	100578939
K01052	102654952
K05641	410829
K08815	411575
K05122	725720
K10578	409794
K27096	411631
K27103	413091
K11424	102655244
K11161	412442
K27179	411330
K27167	113218816
K27179	100576460
K23733	107964132
K23732	410850
K08860	727396
K24254	102654740
K14278	113219423
K08624	412091
K27164	725316
K27201	113219022
K01982	113219355
K27237	726204
K27239	724275
K14886	113219025
K27288	726922
K27289	410961
K14277	113218968
K14276	113219331
K27258	100578715
K27262	411802
K10589	413096
K10587	411182
K27310	409411
K27341	107965597
K09056	726528
K27355	724862
K27318	724919
K27304	113219314
K27318	100577026
K00129	411822
K24682	724497
K15004	725335
K27342	100578811
K27339	100576195
K27320	551622
K11968	413468
K15031	102654768
K27309	724710
K15031	410339
K11972	551328
K11975	410225
K27396	409472
K09377	411285
K27397	726608
K09255	406139
K13963	413749
K11974	410237
K27470	552849
K13963	100578030
K09255	409051
K27411	409639
K18809	410229
K27491	113218850
K27498	726841
K18809	410231
K27488	552246
K18809	410902
K27496	412468
K11982	550689
K22984	727063
K27536	100577242
K11997	412853
K11997	409206
K27588	411617
K27569	724835
K27566	411806
K27568	552288
K27570	408918
K27694	413005
K15867	725123
K27699	551118
K05692	552637
K27685	100577451
K18809	410235
K27678	724167
K27705	552085
K27755	113218831
K27706	409311
K27756	100576514
K27751	102656914
K27856	107963971
K27819	102654127
K27833	413393
K27818	411841
K27817	412679
K21066	412143
K07881	413614
K27889	100049551
K05692	551369
K05692	725404
K05692	551176
K07888	100577764
K00555	552018
K27888	409636
K07883	408971
K07874	102654987
K27891	410585
K07876	100577870
K27892	408554
K07877	409126
K00011	412163
K27892	102655737
K07899	410969
K27896	102654975
K27898	411468
K27896	411126
K27896	724893
K27896	406123
K27896	410107
K27890	413045
K27896	551432
K27894	550991
K07893	409004
K27895	100577561
K27888	724207
K27896	725336
K27896	552090
K27896	726547
K27896	725311
K27896	551086
K27896	725189
K27896	727269
K27896	409022
K27893	113218521
K27896	113219102
K27896	412161
K07901	100576085
K27893	409921
K27896	724810
K07995	409383
K27917	726591
K27905	550698
K27921	725478
K27920	411038
K27906	727122
K05761	410324
K27909	410533
K27918	552502
